-- phpMyAdmin SQL Dump
-- version 4.9.5deb2
-- https://www.phpmyadmin.net/
--
-- Host: localhost:3306
-- Generation Time: Aug 30, 2022 at 01:16 PM
-- Server version: 8.0.29-0ubuntu0.20.04.3
-- PHP Version: 7.4.3

SET SQL_MODE = "NO_AUTO_VALUE_ON_ZERO";
SET AUTOCOMMIT = 0;
START TRANSACTION;
SET time_zone = "+00:00";


/*!40101 SET @OLD_CHARACTER_SET_CLIENT=@@CHARACTER_SET_CLIENT */;
/*!40101 SET @OLD_CHARACTER_SET_RESULTS=@@CHARACTER_SET_RESULTS */;
/*!40101 SET @OLD_COLLATION_CONNECTION=@@COLLATION_CONNECTION */;
/*!40101 SET NAMES utf8mb4 */;

--
-- Database: `charts`
--

-- --------------------------------------------------------

--
-- Table structure for table `attendance`
--

CREATE TABLE `attendance` (
  `id` int NOT NULL,
  `emp_id` int DEFAULT NULL,
  `status` varchar(30) NOT NULL,
  `created_at` timestamp NOT NULL
) ENGINE=InnoDB DEFAULT CHARSET=utf8mb4 COLLATE=utf8mb4_0900_ai_ci;

--
-- Dumping data for table `attendance`
--

INSERT INTO `attendance` (`id`, `emp_id`, `status`, `created_at`) VALUES
(1, 134841, 'WFO', '2022-07-01 04:35:41'),
(2, 153989, 'WFO', '2022-07-01 04:33:36'),
(3, 158666, 'WFO', '2022-07-01 05:18:44'),
(4, 162402, 'WFO', '2022-07-01 04:45:56'),
(5, 183071, 'WFO', '2022-07-01 05:21:24'),
(6, 185032, 'WFO', '2022-07-01 05:25:43'),
(7, 193819, 'WFO', '2022-07-01 04:50:12'),
(8, 212893, 'WFO', '2022-07-01 05:23:23'),
(9, 214352, 'WFO', '2022-07-01 05:22:04'),
(10, 218791, 'WFO', '2022-07-01 05:27:33'),
(11, 134841, 'WFO', '2022-07-02 05:27:41'),
(12, 153989, 'WFO', '2022-07-02 04:32:26'),
(13, 158666, 'WFO', '2022-07-02 04:36:49'),
(14, 162402, 'WFO', '2022-07-02 04:45:52'),
(15, 183071, 'WFO', '2022-07-02 05:26:39'),
(16, 185032, 'WFO', '2022-07-02 04:48:33'),
(17, 193819, 'WFO', '2022-07-02 05:09:47'),
(18, 212893, 'WFO', '2022-07-02 05:16:48'),
(19, 214352, 'WFO', '2022-07-02 05:14:05'),
(20, 218791, 'WFO', '2022-07-02 05:12:26'),
(21, 134841, 'WFO', '2022-07-03 05:29:46'),
(22, 153989, 'WFO', '2022-07-03 05:17:58'),
(23, 158666, 'WFO', '2022-07-03 05:20:14'),
(24, 162402, 'WFO', '2022-07-03 05:18:21'),
(25, 183071, 'WFO', '2022-07-03 05:25:05'),
(26, 185032, 'WFO', '2022-07-03 05:18:40'),
(27, 193819, 'WFO', '2022-07-03 04:44:27'),
(28, 212893, 'WFO', '2022-07-03 05:03:12'),
(29, 214352, 'WFO', '2022-07-03 05:10:51'),
(30, 218791, 'WFO', '2022-07-03 05:12:33'),
(31, 134841, 'WFO', '2022-07-04 04:57:42'),
(32, 153989, 'WFO', '2022-07-04 05:15:10'),
(33, 158666, 'WFO', '2022-07-04 05:14:16'),
(34, 162402, 'WFO', '2022-07-04 04:49:31'),
(35, 183071, 'WFO', '2022-07-04 05:13:23'),
(36, 185032, 'WFO', '2022-07-04 05:09:22'),
(37, 193819, 'WFO', '2022-07-04 05:23:23'),
(38, 212893, 'WFO', '2022-07-04 04:37:55'),
(39, 214352, 'WFO', '2022-07-04 05:04:21'),
(40, 218791, 'WFO', '2022-07-04 05:25:42'),
(41, 134841, 'WFO', '2022-07-05 04:38:40'),
(42, 153989, 'WFO', '2022-07-05 05:04:38'),
(43, 158666, 'WFO', '2022-07-05 04:52:44'),
(44, 162402, 'WFO', '2022-07-05 05:20:46'),
(45, 183071, 'WFO', '2022-07-05 04:42:24'),
(46, 185032, 'WFO', '2022-07-05 05:03:51'),
(47, 193819, 'WFO', '2022-07-05 04:42:30'),
(48, 212893, 'WFO', '2022-07-05 04:40:52'),
(49, 214352, 'WFO', '2022-07-05 05:27:29'),
(50, 218791, 'WFO', '2022-07-05 05:23:18'),
(51, 134841, 'WFO', '2022-07-06 05:25:40'),
(52, 153989, 'WFO', '2022-07-06 05:23:35'),
(53, 158666, 'WFO', '2022-07-06 04:48:41'),
(54, 162402, 'WFO', '2022-07-06 05:28:51'),
(55, 183071, 'WFO', '2022-07-06 05:02:23'),
(56, 185032, 'WFO', '2022-07-06 05:15:02'),
(57, 193819, 'WFO', '2022-07-06 05:14:29'),
(58, 212893, 'WFO', '2022-07-06 05:23:06'),
(59, 214352, 'WFO', '2022-07-06 05:28:19'),
(60, 218791, 'WFO', '2022-07-06 05:17:06'),
(61, 134841, 'WFO', '2022-07-07 04:58:23'),
(62, 153989, 'WFO', '2022-07-07 04:37:48'),
(63, 158666, 'WFO', '2022-07-07 04:31:45'),
(64, 162402, 'WFO', '2022-07-07 04:38:40'),
(65, 183071, 'WFO', '2022-07-07 04:55:10'),
(66, 185032, 'WFO', '2022-07-07 05:09:45'),
(67, 193819, 'WFO', '2022-07-07 05:29:02'),
(68, 212893, 'WFO', '2022-07-07 05:01:50'),
(69, 214352, 'WFO', '2022-07-07 05:13:31'),
(70, 218791, 'WFO', '2022-07-07 05:04:59'),
(71, 134841, 'WFO', '2022-07-08 04:39:09'),
(72, 153989, 'WFO', '2022-07-08 04:47:20'),
(73, 158666, 'WFO', '2022-07-08 05:08:52'),
(74, 162402, 'WFO', '2022-07-08 05:16:42'),
(75, 183071, 'WFO', '2022-07-08 05:28:17'),
(76, 185032, 'WFO', '2022-07-08 04:56:44'),
(77, 193819, 'WFO', '2022-07-08 05:23:19'),
(78, 212893, 'WFO', '2022-07-08 05:22:35'),
(79, 214352, 'WFO', '2022-07-08 05:26:45'),
(80, 218791, 'WFO', '2022-07-08 05:10:17'),
(81, 134841, 'WFO', '2022-07-09 05:04:37'),
(82, 153989, 'WFO', '2022-07-09 05:04:40'),
(83, 158666, 'WFO', '2022-07-09 04:41:20'),
(84, 162402, 'WFO', '2022-07-09 05:14:37'),
(85, 183071, 'WFO', '2022-07-09 04:35:15'),
(86, 185032, 'WFO', '2022-07-09 05:27:17'),
(87, 193819, 'WFO', '2022-07-09 04:38:41'),
(88, 212893, 'WFO', '2022-07-09 05:25:25'),
(89, 214352, 'WFO', '2022-07-09 04:59:50'),
(90, 218791, 'WFO', '2022-07-09 04:49:41'),
(91, 134841, 'WFO', '2022-07-10 04:36:26'),
(92, 153989, 'WFO', '2022-07-10 05:06:20'),
(93, 158666, 'WFO', '2022-07-10 05:29:21'),
(94, 162402, 'WFO', '2022-07-10 05:10:42'),
(95, 183071, 'WFO', '2022-07-10 05:21:51'),
(96, 185032, 'WFO', '2022-07-10 05:11:34'),
(97, 193819, 'WFO', '2022-07-10 05:23:17'),
(98, 212893, 'WFO', '2022-07-10 04:42:54'),
(99, 214352, 'WFO', '2022-07-10 04:36:56'),
(100, 218791, 'WFO', '2022-07-10 04:33:23'),
(101, 134841, 'WFO', '2022-07-11 05:21:06'),
(102, 153989, 'WFO', '2022-07-11 04:45:55'),
(103, 158666, 'WFO', '2022-07-11 05:13:14'),
(104, 162402, 'WFO', '2022-07-11 04:42:21'),
(105, 183071, 'WFO', '2022-07-11 05:03:22'),
(106, 185032, 'WFO', '2022-07-11 04:36:25'),
(107, 193819, 'WFO', '2022-07-11 05:01:28'),
(108, 212893, 'WFO', '2022-07-11 05:05:27'),
(109, 214352, 'WFO', '2022-07-11 05:13:15'),
(110, 218791, 'WFO', '2022-07-11 04:41:04'),
(111, 134841, 'WFO', '2022-07-12 04:59:33'),
(112, 153989, 'WFO', '2022-07-12 05:09:34'),
(113, 158666, 'WFO', '2022-07-12 05:14:08'),
(114, 162402, 'WFO', '2022-07-12 04:44:12'),
(115, 183071, 'WFO', '2022-07-12 05:27:09'),
(116, 185032, 'WFO', '2022-07-12 04:50:50'),
(117, 193819, 'WFO', '2022-07-12 04:40:30'),
(118, 212893, 'WFO', '2022-07-12 04:49:53'),
(119, 214352, 'WFO', '2022-07-12 04:35:09'),
(120, 218791, 'WFO', '2022-07-12 05:22:55'),
(121, 134841, 'WFO', '2022-07-13 05:01:41'),
(122, 153989, 'WFO', '2022-07-13 05:08:01'),
(123, 158666, 'WFO', '2022-07-13 05:22:26'),
(124, 162402, 'WFO', '2022-07-13 05:14:29'),
(125, 183071, 'WFO', '2022-07-13 05:03:02'),
(126, 185032, 'WFO', '2022-07-13 05:28:53'),
(127, 193819, 'WFO', '2022-07-13 04:34:33'),
(128, 212893, 'WFO', '2022-07-13 05:18:46'),
(129, 214352, 'WFO', '2022-07-13 05:23:48'),
(130, 218791, 'WFO', '2022-07-13 04:42:17'),
(131, 134841, 'WFO', '2022-07-14 05:26:43'),
(132, 153989, 'WFO', '2022-07-14 05:27:11'),
(133, 158666, 'WFO', '2022-07-14 05:05:35'),
(134, 162402, 'WFO', '2022-07-14 05:10:46'),
(135, 183071, 'WFO', '2022-07-14 04:39:12'),
(136, 185032, 'WFO', '2022-07-14 05:26:49'),
(137, 193819, 'WFO', '2022-07-14 04:53:39'),
(138, 212893, 'WFO', '2022-07-14 04:52:25'),
(139, 214352, 'WFO', '2022-07-14 05:19:25'),
(140, 218791, 'WFO', '2022-07-14 04:34:58'),
(141, 134841, 'WFO', '2022-07-15 05:00:42'),
(142, 153989, 'WFO', '2022-07-15 05:16:38'),
(143, 158666, 'WFO', '2022-07-15 05:05:54'),
(144, 162402, 'WFO', '2022-07-15 05:29:35'),
(145, 183071, 'WFO', '2022-07-15 04:43:39'),
(146, 185032, 'WFO', '2022-07-15 04:44:54'),
(147, 193819, 'WFO', '2022-07-15 05:02:17'),
(148, 212893, 'WFO', '2022-07-15 04:38:59'),
(149, 214352, 'WFO', '2022-07-15 05:04:05'),
(150, 218791, 'WFO', '2022-07-15 04:56:02'),
(151, 134841, 'WFO', '2022-07-16 05:06:25'),
(152, 153989, 'WFO', '2022-07-16 05:22:25'),
(153, 158666, 'WFO', '2022-07-16 05:22:07'),
(154, 162402, 'WFO', '2022-07-16 04:58:43'),
(155, 183071, 'WFO', '2022-07-16 05:03:07'),
(156, 185032, 'WFO', '2022-07-16 04:32:20'),
(157, 193819, 'WFO', '2022-07-16 04:32:40'),
(158, 212893, 'WFO', '2022-07-16 04:59:13'),
(159, 214352, 'WFO', '2022-07-16 04:41:27'),
(160, 218791, 'WFO', '2022-07-16 04:50:19'),
(161, 134841, 'WFO', '2022-07-17 05:26:56'),
(162, 153989, 'WFO', '2022-07-17 04:49:40'),
(163, 158666, 'WFO', '2022-07-17 05:08:46'),
(164, 162402, 'WFO', '2022-07-17 04:49:37'),
(165, 183071, 'WFO', '2022-07-17 05:27:43'),
(166, 185032, 'WFO', '2022-07-17 05:13:34'),
(167, 193819, 'WFO', '2022-07-17 04:54:07'),
(168, 212893, 'WFO', '2022-07-17 04:51:13'),
(169, 214352, 'WFO', '2022-07-17 05:07:19'),
(170, 218791, 'WFO', '2022-07-17 05:01:05'),
(171, 134841, 'WFO', '2022-07-18 04:45:33'),
(172, 153989, 'WFO', '2022-07-18 04:39:05'),
(173, 158666, 'WFO', '2022-07-18 05:08:02'),
(174, 162402, 'WFO', '2022-07-18 05:29:03'),
(175, 183071, 'WFO', '2022-07-18 04:34:36'),
(176, 185032, 'WFO', '2022-07-18 04:59:29'),
(177, 193819, 'WFO', '2022-07-18 05:06:18'),
(178, 212893, 'WFO', '2022-07-18 05:10:04'),
(179, 214352, 'WFO', '2022-07-18 04:48:10'),
(180, 218791, 'WFO', '2022-07-18 04:56:32'),
(181, 134841, 'WFO', '2022-07-19 05:07:09'),
(182, 153989, 'WFO', '2022-07-19 05:29:04'),
(183, 158666, 'WFO', '2022-07-19 05:07:39'),
(184, 162402, 'WFO', '2022-07-19 05:21:27'),
(185, 183071, 'WFO', '2022-07-19 04:47:34'),
(186, 185032, 'WFO', '2022-07-19 04:44:28'),
(187, 193819, 'WFO', '2022-07-19 04:38:31'),
(188, 212893, 'WFO', '2022-07-19 05:27:42'),
(189, 214352, 'WFO', '2022-07-19 04:38:23'),
(190, 218791, 'WFO', '2022-07-19 04:37:58'),
(191, 134841, 'WFO', '2022-07-20 05:01:02'),
(192, 153989, 'WFO', '2022-07-20 04:45:26'),
(193, 158666, 'WFO', '2022-07-20 04:41:56'),
(194, 162402, 'WFO', '2022-07-20 04:57:32'),
(195, 183071, 'WFO', '2022-07-20 04:49:04'),
(196, 185032, 'WFO', '2022-07-20 05:15:45'),
(197, 193819, 'WFO', '2022-07-20 04:50:13'),
(198, 212893, 'WFO', '2022-07-20 04:54:43'),
(199, 214352, 'WFO', '2022-07-20 04:50:21'),
(200, 218791, 'WFO', '2022-07-20 05:29:18'),
(201, 134841, 'WFO', '2022-07-21 04:52:52'),
(202, 153989, 'WFO', '2022-07-21 04:52:02'),
(203, 158666, 'WFO', '2022-07-21 04:44:36'),
(204, 162402, 'WFO', '2022-07-21 04:55:57'),
(205, 183071, 'WFO', '2022-07-21 05:16:20'),
(206, 185032, 'WFO', '2022-07-21 05:17:16'),
(207, 193819, 'WFO', '2022-07-21 04:41:42'),
(208, 212893, 'WFO', '2022-07-21 04:45:28'),
(209, 214352, 'WFO', '2022-07-21 05:26:43'),
(210, 218791, 'WFO', '2022-07-21 04:54:04'),
(211, 134841, 'WFO', '2022-07-22 05:12:36'),
(212, 153989, 'WFO', '2022-07-22 04:43:38'),
(213, 158666, 'WFO', '2022-07-22 05:26:03'),
(214, 162402, 'WFO', '2022-07-22 04:54:48'),
(215, 183071, 'WFO', '2022-07-22 04:44:53'),
(216, 185032, 'WFO', '2022-07-22 05:09:55'),
(217, 193819, 'WFO', '2022-07-22 04:31:58'),
(218, 212893, 'WFO', '2022-07-22 05:27:07'),
(219, 214352, 'WFO', '2022-07-22 05:01:55'),
(220, 218791, 'WFO', '2022-07-22 05:05:39'),
(221, 134841, 'WFO', '2022-07-23 04:54:31'),
(222, 153989, 'WFO', '2022-07-23 05:23:30'),
(223, 158666, 'WFO', '2022-07-23 05:22:16'),
(224, 162402, 'WFO', '2022-07-23 05:05:41'),
(225, 183071, 'WFO', '2022-07-23 04:46:01'),
(226, 185032, 'WFO', '2022-07-23 05:29:52'),
(227, 193819, 'WFO', '2022-07-23 05:19:57'),
(228, 212893, 'WFO', '2022-07-23 04:39:45'),
(229, 214352, 'WFO', '2022-07-23 05:03:41'),
(230, 218791, 'WFO', '2022-07-23 05:08:18'),
(231, 226714, 'WFH', '2022-07-01 05:29:55'),
(232, 227922, 'WFH', '2022-07-01 04:33:20'),
(233, 231469, 'WFH', '2022-07-01 05:09:30'),
(234, 241882, 'WFH', '2022-07-01 04:39:24'),
(235, 247137, 'WFH', '2022-07-01 05:11:03'),
(236, 253573, 'WFH', '2022-07-01 04:37:49'),
(237, 262382, 'WFH', '2022-07-01 04:45:35'),
(238, 263480, 'WFH', '2022-07-01 04:45:15'),
(239, 265813, 'WFH', '2022-07-01 05:16:54'),
(240, 278556, 'WFH', '2022-07-01 04:52:43'),
(241, 293459, 'WFH', '2022-07-01 05:38:27'),
(242, 301576, 'WFH', '2022-07-01 06:22:39'),
(243, 316110, 'WFH', '2022-07-01 05:34:07'),
(244, 325319, 'WFH', '2022-07-01 05:47:52'),
(245, 329752, 'WFH', '2022-07-01 06:19:29'),
(246, 333476, 'WFH', '2022-07-01 05:34:45'),
(247, 335732, 'WFH', '2022-07-01 06:11:11'),
(248, 363065, 'WFH', '2022-07-01 05:50:38'),
(249, 380086, 'WFH', '2022-07-01 06:15:32'),
(250, 386158, 'WFH', '2022-07-01 05:56:56'),
(251, 388642, 'WFH', '2022-07-01 05:42:17'),
(252, 392491, 'WFH', '2022-07-01 06:23:36'),
(253, 400173, 'WFH', '2022-07-01 05:38:26'),
(254, 407061, 'WFH', '2022-07-01 05:35:33'),
(255, 408351, 'WFH', '2022-07-01 06:18:50'),
(256, 426038, 'WFH', '2022-07-01 06:24:18'),
(257, 428945, 'WFH', '2022-07-01 05:40:36'),
(258, 441771, 'WFH', '2022-07-01 06:15:57'),
(259, 447813, 'WFH', '2022-07-01 06:11:35'),
(260, 456747, 'WFH', '2022-07-01 05:38:20'),
(261, 461593, 'WFH', '2022-07-01 06:27:58'),
(262, 474599, 'WFH', '2022-07-01 05:36:15'),
(263, 476433, 'WFH', '2022-07-01 06:25:50'),
(264, 477253, 'WFH', '2022-07-01 06:22:35'),
(265, 477616, 'WFH', '2022-07-01 06:22:50'),
(266, 478003, 'WFH', '2022-07-01 05:59:48'),
(267, 489424, 'WFH', '2022-07-01 06:03:09'),
(268, 491943, 'WFH', '2022-07-01 06:27:36'),
(269, 495141, 'WFH', '2022-07-01 06:11:15'),
(270, 499687, 'WFH', '2022-07-01 06:04:17'),
(271, 226714, 'WFH', '2022-07-02 04:46:21'),
(272, 227922, 'WFH', '2022-07-02 05:09:51'),
(273, 231469, 'WFH', '2022-07-02 05:12:44'),
(274, 241882, 'WFH', '2022-07-02 05:03:39'),
(275, 247137, 'WFH', '2022-07-02 05:27:05'),
(276, 253573, 'WFH', '2022-07-02 04:37:27'),
(277, 262382, 'WFH', '2022-07-02 05:17:34'),
(278, 263480, 'WFH', '2022-07-02 04:59:33'),
(279, 265813, 'WFH', '2022-07-02 05:12:10'),
(280, 278556, 'WFH', '2022-07-02 05:28:08'),
(281, 293459, 'WFH', '2022-07-02 05:32:56'),
(282, 301576, 'WFH', '2022-07-02 06:12:12'),
(283, 316110, 'WFH', '2022-07-02 05:44:41'),
(284, 325319, 'WFH', '2022-07-02 06:02:20'),
(285, 329752, 'WFH', '2022-07-02 05:38:10'),
(286, 333476, 'WFH', '2022-07-02 05:51:26'),
(287, 335732, 'WFH', '2022-07-02 06:01:38'),
(288, 363065, 'WFH', '2022-07-02 06:18:26'),
(289, 380086, 'WFH', '2022-07-02 06:23:47'),
(290, 386158, 'WFH', '2022-07-02 05:56:54'),
(291, 388642, 'WFH', '2022-07-02 06:16:59'),
(292, 392491, 'WFH', '2022-07-02 06:09:20'),
(293, 400173, 'WFH', '2022-07-02 05:58:49'),
(294, 407061, 'WFH', '2022-07-02 05:41:33'),
(295, 408351, 'WFH', '2022-07-02 06:15:55'),
(296, 426038, 'WFH', '2022-07-02 06:05:11'),
(297, 428945, 'WFH', '2022-07-02 06:27:07'),
(298, 441771, 'WFH', '2022-07-02 06:06:08'),
(299, 447813, 'WFH', '2022-07-02 06:16:46'),
(300, 456747, 'WFH', '2022-07-02 06:17:53'),
(301, 461593, 'WFH', '2022-07-02 05:45:35'),
(302, 474599, 'WFH', '2022-07-02 06:01:48'),
(303, 476433, 'WFH', '2022-07-02 05:42:02'),
(304, 477253, 'WFH', '2022-07-02 05:52:26'),
(305, 477616, 'WFH', '2022-07-02 05:53:31'),
(306, 478003, 'WFH', '2022-07-02 06:15:14'),
(307, 489424, 'WFH', '2022-07-02 05:33:56'),
(308, 491943, 'WFH', '2022-07-02 05:53:24'),
(309, 495141, 'WFH', '2022-07-02 05:49:06'),
(310, 499687, 'WFH', '2022-07-02 06:06:37'),
(311, 226714, 'WFH', '2022-07-03 05:07:53'),
(312, 227922, 'WFH', '2022-07-03 04:39:13'),
(313, 231469, 'WFH', '2022-07-03 05:12:15'),
(314, 241882, 'WFH', '2022-07-03 04:44:24'),
(315, 247137, 'WFH', '2022-07-03 05:19:20'),
(316, 253573, 'WFH', '2022-07-03 05:27:45'),
(317, 262382, 'WFH', '2022-07-03 04:42:29'),
(318, 263480, 'WFH', '2022-07-03 05:01:38'),
(319, 265813, 'WFH', '2022-07-03 05:11:34'),
(320, 278556, 'WFH', '2022-07-03 04:40:39'),
(321, 293459, 'WFH', '2022-07-03 05:34:07'),
(322, 301576, 'WFH', '2022-07-03 06:16:01'),
(323, 316110, 'WFH', '2022-07-03 06:20:18'),
(324, 325319, 'WFH', '2022-07-03 06:13:38'),
(325, 329752, 'WFH', '2022-07-03 06:00:14'),
(326, 333476, 'WFH', '2022-07-03 06:09:17'),
(327, 335732, 'WFH', '2022-07-03 05:56:09'),
(328, 363065, 'WFH', '2022-07-03 05:49:48'),
(329, 380086, 'WFH', '2022-07-03 05:54:46'),
(330, 386158, 'WFH', '2022-07-03 06:05:52'),
(331, 388642, 'WFH', '2022-07-03 06:15:36'),
(332, 392491, 'WFH', '2022-07-03 05:55:06'),
(333, 400173, 'WFH', '2022-07-03 05:51:40'),
(334, 407061, 'WFH', '2022-07-03 05:51:45'),
(335, 408351, 'WFH', '2022-07-03 06:01:52'),
(336, 426038, 'WFH', '2022-07-03 05:51:16'),
(337, 428945, 'WFH', '2022-07-03 06:29:46'),
(338, 441771, 'WFH', '2022-07-03 06:18:17'),
(339, 447813, 'WFH', '2022-07-03 05:52:02'),
(340, 456747, 'WFH', '2022-07-03 06:23:45'),
(341, 461593, 'WFH', '2022-07-03 05:36:59'),
(342, 474599, 'WFH', '2022-07-03 06:20:07'),
(343, 476433, 'WFH', '2022-07-03 06:23:48'),
(344, 477253, 'WFH', '2022-07-03 06:07:33'),
(345, 477616, 'WFH', '2022-07-03 06:06:09'),
(346, 478003, 'WFH', '2022-07-03 05:48:26'),
(347, 489424, 'WFH', '2022-07-03 05:34:06'),
(348, 491943, 'WFH', '2022-07-03 06:21:50'),
(349, 495141, 'WFH', '2022-07-03 05:31:21'),
(350, 499687, 'WFH', '2022-07-03 05:42:56'),
(351, 226714, 'WFH', '2022-07-04 04:56:08'),
(352, 227922, 'WFH', '2022-07-04 04:32:02'),
(353, 231469, 'WFH', '2022-07-04 04:50:20'),
(354, 241882, 'WFH', '2022-07-04 05:25:46'),
(355, 247137, 'WFH', '2022-07-04 04:45:27'),
(356, 253573, 'WFH', '2022-07-04 05:03:49'),
(357, 262382, 'WFH', '2022-07-04 05:18:35'),
(358, 263480, 'WFH', '2022-07-04 04:36:05'),
(359, 265813, 'WFH', '2022-07-04 04:57:16'),
(360, 278556, 'WFH', '2022-07-04 04:58:58'),
(361, 293459, 'WFH', '2022-07-04 05:59:05'),
(362, 301576, 'WFH', '2022-07-04 06:23:52'),
(363, 316110, 'WFH', '2022-07-04 05:56:17'),
(364, 325319, 'WFH', '2022-07-04 06:15:56'),
(365, 329752, 'WFH', '2022-07-04 06:09:12'),
(366, 333476, 'WFH', '2022-07-04 05:50:40'),
(367, 335732, 'WFH', '2022-07-04 06:06:14'),
(368, 363065, 'WFH', '2022-07-04 05:36:06'),
(369, 380086, 'WFH', '2022-07-04 06:26:07'),
(370, 386158, 'WFH', '2022-07-04 06:05:55'),
(371, 388642, 'WFH', '2022-07-04 05:37:39'),
(372, 392491, 'WFH', '2022-07-04 05:33:46'),
(373, 400173, 'WFH', '2022-07-04 06:23:25'),
(374, 407061, 'WFH', '2022-07-04 06:19:29'),
(375, 408351, 'WFH', '2022-07-04 06:25:32'),
(376, 426038, 'WFH', '2022-07-04 06:16:01'),
(377, 428945, 'WFH', '2022-07-04 06:05:10'),
(378, 441771, 'WFH', '2022-07-04 06:29:44'),
(379, 447813, 'WFH', '2022-07-04 05:52:52'),
(380, 456747, 'WFH', '2022-07-04 05:58:49'),
(381, 461593, 'WFH', '2022-07-04 06:12:49'),
(382, 474599, 'WFH', '2022-07-04 06:23:19'),
(383, 476433, 'WFH', '2022-07-04 06:13:08'),
(384, 477253, 'WFH', '2022-07-04 06:09:29'),
(385, 477616, 'WFH', '2022-07-04 06:03:42'),
(386, 478003, 'WFH', '2022-07-04 06:08:37'),
(387, 489424, 'WFH', '2022-07-04 06:03:42'),
(388, 491943, 'WFH', '2022-07-04 05:49:35'),
(389, 495141, 'WFH', '2022-07-04 05:54:18'),
(390, 499687, 'WFH', '2022-07-04 06:08:40'),
(391, 226714, 'WFH', '2022-07-05 05:10:17'),
(392, 227922, 'WFH', '2022-07-05 04:58:05'),
(393, 231469, 'WFH', '2022-07-05 04:44:29'),
(394, 241882, 'WFH', '2022-07-05 05:00:07'),
(395, 247137, 'WFH', '2022-07-05 05:10:29'),
(396, 253573, 'WFH', '2022-07-05 04:40:08'),
(397, 262382, 'WFH', '2022-07-05 04:55:17'),
(398, 263480, 'WFH', '2022-07-05 04:51:47'),
(399, 265813, 'WFH', '2022-07-05 05:24:33'),
(400, 278556, 'WFH', '2022-07-05 05:13:33'),
(401, 293459, 'WFH', '2022-07-05 06:12:14'),
(402, 301576, 'WFH', '2022-07-05 05:58:04'),
(403, 316110, 'WFH', '2022-07-05 06:26:08'),
(404, 325319, 'WFH', '2022-07-05 05:41:37'),
(405, 329752, 'WFH', '2022-07-05 06:09:46'),
(406, 333476, 'WFH', '2022-07-05 05:37:31'),
(407, 335732, 'WFH', '2022-07-05 06:21:55'),
(408, 363065, 'WFH', '2022-07-05 06:21:27'),
(409, 380086, 'WFH', '2022-07-05 06:22:20'),
(410, 386158, 'WFH', '2022-07-05 06:13:43'),
(411, 388642, 'WFH', '2022-07-05 06:04:49'),
(412, 392491, 'WFH', '2022-07-05 06:07:08'),
(413, 400173, 'WFH', '2022-07-05 05:34:02'),
(414, 407061, 'WFH', '2022-07-05 05:55:48'),
(415, 408351, 'WFH', '2022-07-05 06:05:17'),
(416, 426038, 'WFH', '2022-07-05 05:36:21'),
(417, 428945, 'WFH', '2022-07-05 06:18:19'),
(418, 441771, 'WFH', '2022-07-05 05:40:06'),
(419, 447813, 'WFH', '2022-07-05 06:14:48'),
(420, 456747, 'WFH', '2022-07-05 06:18:44'),
(421, 461593, 'WFH', '2022-07-05 06:12:01'),
(422, 474599, 'WFH', '2022-07-05 05:58:48'),
(423, 476433, 'WFH', '2022-07-05 06:15:12'),
(424, 477253, 'WFH', '2022-07-05 05:55:58'),
(425, 477616, 'WFH', '2022-07-05 05:50:28'),
(426, 478003, 'WFH', '2022-07-05 05:42:39'),
(427, 489424, 'WFH', '2022-07-05 05:44:56'),
(428, 491943, 'WFH', '2022-07-05 05:32:42'),
(429, 495141, 'WFH', '2022-07-05 05:32:50'),
(430, 499687, 'WFH', '2022-07-05 06:22:13'),
(431, 226714, 'WFH', '2022-07-06 05:06:20'),
(432, 227922, 'WFH', '2022-07-06 05:15:21'),
(433, 231469, 'WFH', '2022-07-06 05:05:31'),
(434, 241882, 'WFH', '2022-07-06 04:55:42'),
(435, 247137, 'WFH', '2022-07-06 04:33:47'),
(436, 253573, 'WFH', '2022-07-06 04:54:08'),
(437, 262382, 'WFH', '2022-07-06 04:58:31'),
(438, 263480, 'WFH', '2022-07-06 04:37:31'),
(439, 265813, 'WFH', '2022-07-06 05:29:51'),
(440, 278556, 'WFH', '2022-07-06 04:33:30'),
(441, 293459, 'WFH', '2022-07-06 06:22:40'),
(442, 301576, 'WFH', '2022-07-06 05:53:10'),
(443, 316110, 'WFH', '2022-07-06 06:14:10'),
(444, 325319, 'WFH', '2022-07-06 05:33:51'),
(445, 329752, 'WFH', '2022-07-06 06:29:07'),
(446, 333476, 'WFH', '2022-07-06 05:57:16'),
(447, 335732, 'WFH', '2022-07-06 06:08:27'),
(448, 363065, 'WFH', '2022-07-06 05:51:12'),
(449, 380086, 'WFH', '2022-07-06 05:32:31'),
(450, 386158, 'WFH', '2022-07-06 06:17:26'),
(451, 388642, 'WFH', '2022-07-06 05:31:22'),
(452, 392491, 'WFH', '2022-07-06 06:11:02'),
(453, 400173, 'WFH', '2022-07-06 06:22:07'),
(454, 407061, 'WFH', '2022-07-06 05:54:57'),
(455, 408351, 'WFH', '2022-07-06 06:02:44'),
(456, 426038, 'WFH', '2022-07-06 06:09:46'),
(457, 428945, 'WFH', '2022-07-06 05:33:11'),
(458, 441771, 'WFH', '2022-07-06 05:45:36'),
(459, 447813, 'WFH', '2022-07-06 05:43:32'),
(460, 456747, 'WFH', '2022-07-06 05:57:40'),
(461, 461593, 'WFH', '2022-07-06 06:05:19'),
(462, 474599, 'WFH', '2022-07-06 05:57:11'),
(463, 476433, 'WFH', '2022-07-06 06:21:17'),
(464, 477253, 'WFH', '2022-07-06 06:08:01'),
(465, 477616, 'WFH', '2022-07-06 05:42:38'),
(466, 478003, 'WFH', '2022-07-06 05:45:10'),
(467, 489424, 'WFH', '2022-07-06 06:14:34'),
(468, 491943, 'WFH', '2022-07-06 05:38:15'),
(469, 495141, 'WFH', '2022-07-06 06:09:05'),
(470, 499687, 'WFH', '2022-07-06 05:44:12'),
(471, 226714, 'WFH', '2022-07-07 05:23:08'),
(472, 227922, 'WFH', '2022-07-07 05:13:04'),
(473, 231469, 'WFH', '2022-07-07 05:12:16'),
(474, 241882, 'WFH', '2022-07-07 04:49:59'),
(475, 247137, 'WFH', '2022-07-07 05:07:03'),
(476, 253573, 'WFH', '2022-07-07 05:15:02'),
(477, 262382, 'WFH', '2022-07-07 05:09:16'),
(478, 263480, 'WFH', '2022-07-07 05:04:24'),
(479, 265813, 'WFH', '2022-07-07 05:15:15'),
(480, 278556, 'WFH', '2022-07-07 05:06:01'),
(481, 293459, 'WFH', '2022-07-07 05:39:44'),
(482, 301576, 'WFH', '2022-07-07 05:48:15'),
(483, 316110, 'WFH', '2022-07-07 06:09:17'),
(484, 325319, 'WFH', '2022-07-07 05:50:44'),
(485, 329752, 'WFH', '2022-07-07 05:40:38'),
(486, 333476, 'WFH', '2022-07-07 05:52:22'),
(487, 335732, 'WFH', '2022-07-07 05:43:34'),
(488, 363065, 'WFH', '2022-07-07 06:10:30'),
(489, 380086, 'WFH', '2022-07-07 05:55:05'),
(490, 386158, 'WFH', '2022-07-07 06:10:52'),
(491, 388642, 'WFH', '2022-07-07 05:58:42'),
(492, 392491, 'WFH', '2022-07-07 06:18:45'),
(493, 400173, 'WFH', '2022-07-07 05:48:05'),
(494, 407061, 'WFH', '2022-07-07 06:19:33'),
(495, 408351, 'WFH', '2022-07-07 06:12:10'),
(496, 426038, 'WFH', '2022-07-07 05:32:19'),
(497, 428945, 'WFH', '2022-07-07 06:28:21'),
(498, 441771, 'WFH', '2022-07-07 05:53:07'),
(499, 447813, 'WFH', '2022-07-07 06:04:20'),
(500, 456747, 'WFH', '2022-07-07 05:45:21'),
(501, 461593, 'WFH', '2022-07-07 06:15:01'),
(502, 474599, 'WFH', '2022-07-07 05:57:09'),
(503, 476433, 'WFH', '2022-07-07 05:34:18'),
(504, 477253, 'WFH', '2022-07-07 06:02:27'),
(505, 477616, 'WFH', '2022-07-07 06:28:31'),
(506, 478003, 'WFH', '2022-07-07 05:35:22'),
(507, 489424, 'WFH', '2022-07-07 05:46:03'),
(508, 491943, 'WFH', '2022-07-07 05:37:02'),
(509, 495141, 'WFH', '2022-07-07 06:22:53'),
(510, 499687, 'WFH', '2022-07-07 05:51:02'),
(511, 226714, 'WFH', '2022-07-08 04:54:41'),
(512, 227922, 'WFH', '2022-07-08 04:39:14'),
(513, 231469, 'WFH', '2022-07-08 04:35:32'),
(514, 241882, 'WFH', '2022-07-08 05:15:59'),
(515, 247137, 'WFH', '2022-07-08 04:52:23'),
(516, 253573, 'WFH', '2022-07-08 05:18:23'),
(517, 262382, 'WFH', '2022-07-08 05:29:05'),
(518, 263480, 'WFH', '2022-07-08 05:28:26'),
(519, 265813, 'WFH', '2022-07-08 05:22:42'),
(520, 278556, 'WFH', '2022-07-08 04:45:49'),
(521, 293459, 'WFH', '2022-07-08 06:14:26'),
(522, 301576, 'WFH', '2022-07-08 05:31:16'),
(523, 316110, 'WFH', '2022-07-08 06:18:17'),
(524, 325319, 'WFH', '2022-07-08 06:08:05'),
(525, 329752, 'WFH', '2022-07-08 06:16:28'),
(526, 333476, 'WFH', '2022-07-08 06:07:38'),
(527, 335732, 'WFH', '2022-07-08 06:05:44'),
(528, 363065, 'WFH', '2022-07-08 05:31:01'),
(529, 380086, 'WFH', '2022-07-08 06:24:09'),
(530, 386158, 'WFH', '2022-07-08 05:32:58'),
(531, 388642, 'WFH', '2022-07-08 05:33:43'),
(532, 392491, 'WFH', '2022-07-08 06:23:23'),
(533, 400173, 'WFH', '2022-07-08 06:02:05'),
(534, 407061, 'WFH', '2022-07-08 06:06:42'),
(535, 408351, 'WFH', '2022-07-08 06:00:01'),
(536, 426038, 'WFH', '2022-07-08 05:38:12'),
(537, 428945, 'WFH', '2022-07-08 05:41:38'),
(538, 441771, 'WFH', '2022-07-08 06:22:43'),
(539, 447813, 'WFH', '2022-07-08 06:16:16'),
(540, 456747, 'WFH', '2022-07-08 06:04:38'),
(541, 461593, 'WFH', '2022-07-08 05:40:55'),
(542, 474599, 'WFH', '2022-07-08 06:25:01'),
(543, 476433, 'WFH', '2022-07-08 05:55:48'),
(544, 477253, 'WFH', '2022-07-08 05:52:21'),
(545, 477616, 'WFH', '2022-07-08 05:41:13'),
(546, 478003, 'WFH', '2022-07-08 05:52:35'),
(547, 489424, 'WFH', '2022-07-08 06:23:29'),
(548, 491943, 'WFH', '2022-07-08 06:16:07'),
(549, 495141, 'WFH', '2022-07-08 06:23:39'),
(550, 499687, 'WFH', '2022-07-08 06:16:11'),
(551, 226714, 'WFH', '2022-07-09 04:53:42'),
(552, 227922, 'WFH', '2022-07-09 04:42:04'),
(553, 231469, 'WFH', '2022-07-09 04:53:17'),
(554, 241882, 'WFH', '2022-07-09 05:26:53'),
(555, 247137, 'WFH', '2022-07-09 04:40:09'),
(556, 253573, 'WFH', '2022-07-09 04:47:40'),
(557, 262382, 'WFH', '2022-07-09 04:46:23'),
(558, 263480, 'WFH', '2022-07-09 04:44:43'),
(559, 265813, 'WFH', '2022-07-09 04:59:19'),
(560, 278556, 'WFH', '2022-07-09 05:12:30'),
(561, 293459, 'WFH', '2022-07-09 05:52:52'),
(562, 301576, 'WFH', '2022-07-09 05:48:01'),
(563, 316110, 'WFH', '2022-07-09 06:07:12'),
(564, 325319, 'WFH', '2022-07-09 06:23:52'),
(565, 329752, 'WFH', '2022-07-09 06:01:49'),
(566, 333476, 'WFH', '2022-07-09 05:50:42'),
(567, 335732, 'WFH', '2022-07-09 05:58:27'),
(568, 363065, 'WFH', '2022-07-09 06:10:27'),
(569, 380086, 'WFH', '2022-07-09 05:36:32'),
(570, 386158, 'WFH', '2022-07-09 06:25:04'),
(571, 388642, 'WFH', '2022-07-09 05:34:11'),
(572, 392491, 'WFH', '2022-07-09 06:12:01'),
(573, 400173, 'WFH', '2022-07-09 05:54:03'),
(574, 407061, 'WFH', '2022-07-09 05:57:25'),
(575, 408351, 'WFH', '2022-07-09 05:32:27'),
(576, 426038, 'WFH', '2022-07-09 05:48:50'),
(577, 428945, 'WFH', '2022-07-09 06:14:13'),
(578, 441771, 'WFH', '2022-07-09 06:28:26'),
(579, 447813, 'WFH', '2022-07-09 06:25:07'),
(580, 456747, 'WFH', '2022-07-09 06:03:33'),
(581, 461593, 'WFH', '2022-07-09 05:55:47'),
(582, 474599, 'WFH', '2022-07-09 05:53:34'),
(583, 476433, 'WFH', '2022-07-09 06:01:23'),
(584, 477253, 'WFH', '2022-07-09 05:31:33'),
(585, 477616, 'WFH', '2022-07-09 06:21:28'),
(586, 478003, 'WFH', '2022-07-09 06:07:06'),
(587, 489424, 'WFH', '2022-07-09 05:36:02'),
(588, 491943, 'WFH', '2022-07-09 06:14:40'),
(589, 495141, 'WFH', '2022-07-09 06:05:33'),
(590, 499687, 'WFH', '2022-07-09 06:09:56'),
(591, 226714, 'WFH', '2022-07-10 04:49:22'),
(592, 227922, 'WFH', '2022-07-10 04:59:27'),
(593, 231469, 'WFH', '2022-07-10 05:23:56'),
(594, 241882, 'WFH', '2022-07-10 04:47:35'),
(595, 247137, 'WFH', '2022-07-10 05:27:09'),
(596, 253573, 'WFH', '2022-07-10 05:04:54'),
(597, 262382, 'WFH', '2022-07-10 05:19:19'),
(598, 263480, 'WFH', '2022-07-10 04:55:18'),
(599, 265813, 'WFH', '2022-07-10 04:36:18'),
(600, 278556, 'WFH', '2022-07-10 04:32:03'),
(601, 293459, 'WFH', '2022-07-10 06:20:06'),
(602, 301576, 'WFH', '2022-07-10 05:40:10'),
(603, 316110, 'WFH', '2022-07-10 06:18:07'),
(604, 325319, 'WFH', '2022-07-10 06:19:39'),
(605, 329752, 'WFH', '2022-07-10 06:20:47'),
(606, 333476, 'WFH', '2022-07-10 05:32:18'),
(607, 335732, 'WFH', '2022-07-10 05:54:14'),
(608, 363065, 'WFH', '2022-07-10 05:48:32'),
(609, 380086, 'WFH', '2022-07-10 05:35:36'),
(610, 386158, 'WFH', '2022-07-10 05:56:17'),
(611, 388642, 'WFH', '2022-07-10 06:05:33'),
(612, 392491, 'WFH', '2022-07-10 06:06:38'),
(613, 400173, 'WFH', '2022-07-10 06:05:48'),
(614, 407061, 'WFH', '2022-07-10 06:15:14'),
(615, 408351, 'WFH', '2022-07-10 06:24:49'),
(616, 426038, 'WFH', '2022-07-10 05:47:55'),
(617, 428945, 'WFH', '2022-07-10 05:37:24'),
(618, 441771, 'WFH', '2022-07-10 05:47:20'),
(619, 447813, 'WFH', '2022-07-10 06:12:49'),
(620, 456747, 'WFH', '2022-07-10 06:10:23'),
(621, 461593, 'WFH', '2022-07-10 05:58:41'),
(622, 474599, 'WFH', '2022-07-10 05:31:20'),
(623, 476433, 'WFH', '2022-07-10 06:20:03'),
(624, 477253, 'WFH', '2022-07-10 06:24:04'),
(625, 477616, 'WFH', '2022-07-10 06:24:12'),
(626, 478003, 'WFH', '2022-07-10 06:06:07'),
(627, 489424, 'WFH', '2022-07-10 05:41:18'),
(628, 491943, 'WFH', '2022-07-10 05:45:11'),
(629, 495141, 'WFH', '2022-07-10 05:45:28'),
(630, 499687, 'WFH', '2022-07-10 05:54:36'),
(631, 226714, 'WFH', '2022-07-11 04:51:11'),
(632, 227922, 'WFH', '2022-07-11 05:22:20'),
(633, 231469, 'WFH', '2022-07-11 05:06:13'),
(634, 241882, 'WFH', '2022-07-11 05:15:44'),
(635, 247137, 'WFH', '2022-07-11 04:51:51'),
(636, 253573, 'WFH', '2022-07-11 05:11:04'),
(637, 262382, 'WFH', '2022-07-11 05:18:28'),
(638, 263480, 'WFH', '2022-07-11 05:04:39'),
(639, 265813, 'WFH', '2022-07-11 05:11:07'),
(640, 278556, 'WFH', '2022-07-11 04:51:07'),
(641, 293459, 'WFH', '2022-07-11 05:49:40'),
(642, 301576, 'WFH', '2022-07-11 06:00:52'),
(643, 316110, 'WFH', '2022-07-11 05:37:40'),
(644, 325319, 'WFH', '2022-07-11 05:58:39'),
(645, 329752, 'WFH', '2022-07-11 05:58:20'),
(646, 333476, 'WFH', '2022-07-11 05:34:56'),
(647, 335732, 'WFH', '2022-07-11 06:00:09'),
(648, 363065, 'WFH', '2022-07-11 06:01:45'),
(649, 380086, 'WFH', '2022-07-11 05:31:48'),
(650, 386158, 'WFH', '2022-07-11 06:09:52'),
(651, 388642, 'WFH', '2022-07-11 06:12:39'),
(652, 392491, 'WFH', '2022-07-11 06:11:41'),
(653, 400173, 'WFH', '2022-07-11 06:01:52'),
(654, 407061, 'WFH', '2022-07-11 05:54:40'),
(655, 408351, 'WFH', '2022-07-11 05:52:31'),
(656, 426038, 'WFH', '2022-07-11 06:22:30'),
(657, 428945, 'WFH', '2022-07-11 05:48:51'),
(658, 441771, 'WFH', '2022-07-11 06:27:02'),
(659, 447813, 'WFH', '2022-07-11 05:37:26'),
(660, 456747, 'WFH', '2022-07-11 06:11:06'),
(661, 461593, 'WFH', '2022-07-11 06:17:17'),
(662, 474599, 'WFH', '2022-07-11 05:51:22'),
(663, 476433, 'WFH', '2022-07-11 06:26:58'),
(664, 477253, 'WFH', '2022-07-11 06:08:33'),
(665, 477616, 'WFH', '2022-07-11 05:35:20'),
(666, 478003, 'WFH', '2022-07-11 06:22:40'),
(667, 489424, 'WFH', '2022-07-11 05:42:06'),
(668, 491943, 'WFH', '2022-07-11 05:57:42'),
(669, 495141, 'WFH', '2022-07-11 06:16:29'),
(670, 499687, 'WFH', '2022-07-11 06:00:37'),
(671, 226714, 'WFH', '2022-07-12 04:41:35'),
(672, 227922, 'WFH', '2022-07-12 04:54:06'),
(673, 231469, 'WFH', '2022-07-12 04:32:31'),
(674, 241882, 'WFH', '2022-07-12 04:51:21'),
(675, 247137, 'WFH', '2022-07-12 05:02:50'),
(676, 253573, 'WFH', '2022-07-12 04:43:33'),
(677, 262382, 'WFH', '2022-07-12 04:31:34'),
(678, 263480, 'WFH', '2022-07-12 04:56:20'),
(679, 265813, 'WFH', '2022-07-12 04:55:18'),
(680, 278556, 'WFH', '2022-07-12 04:38:23'),
(681, 293459, 'WFH', '2022-07-12 06:07:35'),
(682, 301576, 'WFH', '2022-07-12 05:37:33'),
(683, 316110, 'WFH', '2022-07-12 06:19:03'),
(684, 325319, 'WFH', '2022-07-12 06:18:35'),
(685, 329752, 'WFH', '2022-07-12 05:38:50'),
(686, 333476, 'WFH', '2022-07-12 06:26:04'),
(687, 335732, 'WFH', '2022-07-12 05:58:33'),
(688, 363065, 'WFH', '2022-07-12 05:34:13'),
(689, 380086, 'WFH', '2022-07-12 05:49:54'),
(690, 386158, 'WFH', '2022-07-12 05:37:27'),
(691, 388642, 'WFH', '2022-07-12 05:48:15'),
(692, 392491, 'WFH', '2022-07-12 06:10:58'),
(693, 400173, 'WFH', '2022-07-12 06:16:38'),
(694, 407061, 'WFH', '2022-07-12 05:33:34'),
(695, 408351, 'WFH', '2022-07-12 06:27:18'),
(696, 426038, 'WFH', '2022-07-12 05:51:04'),
(697, 428945, 'WFH', '2022-07-12 06:21:30'),
(698, 441771, 'WFH', '2022-07-12 06:08:28'),
(699, 447813, 'WFH', '2022-07-12 05:33:20'),
(700, 456747, 'WFH', '2022-07-12 05:40:01'),
(701, 461593, 'WFH', '2022-07-12 05:57:01'),
(702, 474599, 'WFH', '2022-07-12 06:21:06'),
(703, 476433, 'WFH', '2022-07-12 06:26:13'),
(704, 477253, 'WFH', '2022-07-12 06:24:59'),
(705, 477616, 'WFH', '2022-07-12 05:59:19'),
(706, 478003, 'WFH', '2022-07-12 06:28:18'),
(707, 489424, 'WFH', '2022-07-12 05:50:54'),
(708, 491943, 'WFH', '2022-07-12 06:26:59'),
(709, 495141, 'WFH', '2022-07-12 06:13:06'),
(710, 499687, 'WFH', '2022-07-12 05:41:29'),
(711, 226714, 'WFH', '2022-07-13 04:46:25'),
(712, 227922, 'WFH', '2022-07-13 05:09:27'),
(713, 231469, 'WFH', '2022-07-13 05:28:52'),
(714, 241882, 'WFH', '2022-07-13 04:49:10'),
(715, 247137, 'WFH', '2022-07-13 04:50:53'),
(716, 253573, 'WFH', '2022-07-13 04:40:50'),
(717, 262382, 'WFH', '2022-07-13 04:46:21'),
(718, 263480, 'WFH', '2022-07-13 05:10:59'),
(719, 265813, 'WFH', '2022-07-13 05:10:57'),
(720, 278556, 'WFH', '2022-07-13 04:59:05'),
(721, 293459, 'WFH', '2022-07-13 05:40:51'),
(722, 301576, 'WFH', '2022-07-13 06:07:58'),
(723, 316110, 'WFH', '2022-07-13 06:01:41'),
(724, 325319, 'WFH', '2022-07-13 05:55:38'),
(725, 329752, 'WFH', '2022-07-13 05:53:10'),
(726, 333476, 'WFH', '2022-07-13 05:54:14'),
(727, 335732, 'WFH', '2022-07-13 05:44:56'),
(728, 363065, 'WFH', '2022-07-13 06:16:28'),
(729, 380086, 'WFH', '2022-07-13 06:16:44'),
(730, 386158, 'WFH', '2022-07-13 05:34:04'),
(731, 388642, 'WFH', '2022-07-13 06:07:36'),
(732, 392491, 'WFH', '2022-07-13 06:15:38'),
(733, 400173, 'WFH', '2022-07-13 05:50:21'),
(734, 407061, 'WFH', '2022-07-13 05:36:34'),
(735, 408351, 'WFH', '2022-07-13 05:38:47'),
(736, 426038, 'WFH', '2022-07-13 05:55:56'),
(737, 428945, 'WFH', '2022-07-13 05:37:38'),
(738, 441771, 'WFH', '2022-07-13 06:23:06'),
(739, 447813, 'WFH', '2022-07-13 05:31:16'),
(740, 456747, 'WFH', '2022-07-13 06:06:37'),
(741, 461593, 'WFH', '2022-07-13 05:37:56'),
(742, 474599, 'WFH', '2022-07-13 05:32:31'),
(743, 476433, 'WFH', '2022-07-13 05:40:24'),
(744, 477253, 'WFH', '2022-07-13 06:07:13'),
(745, 477616, 'WFH', '2022-07-13 05:49:52'),
(746, 478003, 'WFH', '2022-07-13 06:06:54'),
(747, 489424, 'WFH', '2022-07-13 05:44:23'),
(748, 491943, 'WFH', '2022-07-13 05:58:43'),
(749, 495141, 'WFH', '2022-07-13 05:44:06'),
(750, 499687, 'WFH', '2022-07-13 06:24:23'),
(751, 226714, 'WFH', '2022-07-14 05:12:58'),
(752, 227922, 'WFH', '2022-07-14 04:44:09'),
(753, 231469, 'WFH', '2022-07-14 04:34:18'),
(754, 241882, 'WFH', '2022-07-14 05:16:46'),
(755, 247137, 'WFH', '2022-07-14 04:57:59'),
(756, 253573, 'WFH', '2022-07-14 04:52:24'),
(757, 262382, 'WFH', '2022-07-14 05:08:30'),
(758, 263480, 'WFH', '2022-07-14 05:23:31'),
(759, 265813, 'WFH', '2022-07-14 04:41:40'),
(760, 278556, 'WFH', '2022-07-14 04:54:20'),
(761, 293459, 'WFH', '2022-07-14 06:01:27'),
(762, 301576, 'WFH', '2022-07-14 06:05:09'),
(763, 316110, 'WFH', '2022-07-14 05:58:31'),
(764, 325319, 'WFH', '2022-07-14 05:45:12'),
(765, 329752, 'WFH', '2022-07-14 05:44:19'),
(766, 333476, 'WFH', '2022-07-14 06:03:43'),
(767, 335732, 'WFH', '2022-07-14 05:45:58'),
(768, 363065, 'WFH', '2022-07-14 06:14:13'),
(769, 380086, 'WFH', '2022-07-14 05:46:56'),
(770, 386158, 'WFH', '2022-07-14 06:14:49'),
(771, 388642, 'WFH', '2022-07-14 05:39:18'),
(772, 392491, 'WFH', '2022-07-14 05:59:54'),
(773, 400173, 'WFH', '2022-07-14 06:16:24'),
(774, 407061, 'WFH', '2022-07-14 06:22:43'),
(775, 408351, 'WFH', '2022-07-14 05:54:22'),
(776, 426038, 'WFH', '2022-07-14 05:58:34'),
(777, 428945, 'WFH', '2022-07-14 05:39:29'),
(778, 441771, 'WFH', '2022-07-14 05:56:31'),
(779, 447813, 'WFH', '2022-07-14 05:44:53'),
(780, 456747, 'WFH', '2022-07-14 06:23:59'),
(781, 461593, 'WFH', '2022-07-14 05:52:29'),
(782, 474599, 'WFH', '2022-07-14 06:04:27'),
(783, 476433, 'WFH', '2022-07-14 06:27:06'),
(784, 477253, 'WFH', '2022-07-14 05:40:47'),
(785, 477616, 'WFH', '2022-07-14 06:16:52'),
(786, 478003, 'WFH', '2022-07-14 06:15:16'),
(787, 489424, 'WFH', '2022-07-14 06:15:55'),
(788, 491943, 'WFH', '2022-07-14 05:33:34'),
(789, 495141, 'WFH', '2022-07-14 05:44:56'),
(790, 499687, 'WFH', '2022-07-14 05:51:30'),
(791, 226714, 'WFH', '2022-07-15 04:32:43'),
(792, 227922, 'WFH', '2022-07-15 05:00:04'),
(793, 231469, 'WFH', '2022-07-15 05:04:50'),
(794, 241882, 'WFH', '2022-07-15 05:26:05'),
(795, 247137, 'WFH', '2022-07-15 05:11:21'),
(796, 253573, 'WFH', '2022-07-15 04:39:05'),
(797, 262382, 'WFH', '2022-07-15 05:22:03'),
(798, 263480, 'WFH', '2022-07-15 04:43:23'),
(799, 265813, 'WFH', '2022-07-15 05:16:17'),
(800, 278556, 'WFH', '2022-07-15 04:56:23'),
(801, 293459, 'WFH', '2022-07-15 05:59:29'),
(802, 301576, 'WFH', '2022-07-15 06:17:37'),
(803, 316110, 'WFH', '2022-07-15 05:45:46'),
(804, 325319, 'WFH', '2022-07-15 06:21:06'),
(805, 329752, 'WFH', '2022-07-15 05:33:24'),
(806, 333476, 'WFH', '2022-07-15 06:16:45'),
(807, 335732, 'WFH', '2022-07-15 06:23:21'),
(808, 363065, 'WFH', '2022-07-15 06:09:25'),
(809, 380086, 'WFH', '2022-07-15 05:53:19'),
(810, 386158, 'WFH', '2022-07-15 06:07:46'),
(811, 388642, 'WFH', '2022-07-15 06:11:18'),
(812, 392491, 'WFH', '2022-07-15 06:19:56'),
(813, 400173, 'WFH', '2022-07-15 06:04:12'),
(814, 407061, 'WFH', '2022-07-15 05:34:05'),
(815, 408351, 'WFH', '2022-07-15 05:59:19'),
(816, 426038, 'WFH', '2022-07-15 06:15:13'),
(817, 428945, 'WFH', '2022-07-15 05:55:02'),
(818, 441771, 'WFH', '2022-07-15 05:38:18'),
(819, 447813, 'WFH', '2022-07-15 06:21:23'),
(820, 456747, 'WFH', '2022-07-15 05:31:07'),
(821, 461593, 'WFH', '2022-07-15 05:52:45'),
(822, 474599, 'WFH', '2022-07-15 06:11:24'),
(823, 476433, 'WFH', '2022-07-15 05:33:51'),
(824, 477253, 'WFH', '2022-07-15 06:15:57'),
(825, 477616, 'WFH', '2022-07-15 05:36:18'),
(826, 478003, 'WFH', '2022-07-15 05:52:44'),
(827, 489424, 'WFH', '2022-07-15 06:19:44'),
(828, 491943, 'WFH', '2022-07-15 06:26:14'),
(829, 495141, 'WFH', '2022-07-15 06:25:33'),
(830, 499687, 'WFH', '2022-07-15 06:00:27'),
(831, 226714, 'WFH', '2022-07-16 04:49:04'),
(832, 227922, 'WFH', '2022-07-16 04:46:49'),
(833, 231469, 'WFH', '2022-07-16 04:50:41'),
(834, 241882, 'WFH', '2022-07-16 04:59:04'),
(835, 247137, 'WFH', '2022-07-16 05:05:28'),
(836, 253573, 'WFH', '2022-07-16 04:59:44'),
(837, 262382, 'WFH', '2022-07-16 05:29:01'),
(838, 263480, 'WFH', '2022-07-16 05:04:18'),
(839, 265813, 'WFH', '2022-07-16 05:02:18'),
(840, 278556, 'WFH', '2022-07-16 04:46:58'),
(841, 293459, 'WFH', '2022-07-16 06:08:30'),
(842, 301576, 'WFH', '2022-07-16 06:09:57'),
(843, 316110, 'WFH', '2022-07-16 05:44:42'),
(844, 325319, 'WFH', '2022-07-16 05:52:50'),
(845, 329752, 'WFH', '2022-07-16 06:25:41'),
(846, 333476, 'WFH', '2022-07-16 05:59:06'),
(847, 335732, 'WFH', '2022-07-16 05:36:14'),
(848, 363065, 'WFH', '2022-07-16 05:34:49'),
(849, 380086, 'WFH', '2022-07-16 06:25:20'),
(850, 386158, 'WFH', '2022-07-16 05:46:12'),
(851, 388642, 'WFH', '2022-07-16 05:39:40'),
(852, 392491, 'WFH', '2022-07-16 06:14:21'),
(853, 400173, 'WFH', '2022-07-16 05:31:18'),
(854, 407061, 'WFH', '2022-07-16 05:59:55'),
(855, 408351, 'WFH', '2022-07-16 05:35:57'),
(856, 426038, 'WFH', '2022-07-16 05:56:38'),
(857, 428945, 'WFH', '2022-07-16 06:10:26'),
(858, 441771, 'WFH', '2022-07-16 05:58:18'),
(859, 447813, 'WFH', '2022-07-16 05:35:15'),
(860, 456747, 'WFH', '2022-07-16 05:48:17'),
(861, 461593, 'WFH', '2022-07-16 06:19:37'),
(862, 474599, 'WFH', '2022-07-16 06:25:39'),
(863, 476433, 'WFH', '2022-07-16 06:23:10'),
(864, 477253, 'WFH', '2022-07-16 06:12:04'),
(865, 477616, 'WFH', '2022-07-16 05:36:01'),
(866, 478003, 'WFH', '2022-07-16 06:12:45'),
(867, 489424, 'WFH', '2022-07-16 05:46:01'),
(868, 491943, 'WFH', '2022-07-16 06:15:39'),
(869, 495141, 'WFH', '2022-07-16 05:58:37'),
(870, 499687, 'WFH', '2022-07-16 06:29:35'),
(871, 226714, 'WFH', '2022-07-17 05:24:29'),
(872, 227922, 'WFH', '2022-07-17 04:46:12'),
(873, 231469, 'WFH', '2022-07-17 04:35:34'),
(874, 241882, 'WFH', '2022-07-17 04:36:18'),
(875, 247137, 'WFH', '2022-07-17 05:25:36'),
(876, 253573, 'WFH', '2022-07-17 04:31:04'),
(877, 262382, 'WFH', '2022-07-17 05:07:56'),
(878, 263480, 'WFH', '2022-07-17 05:09:05'),
(879, 265813, 'WFH', '2022-07-17 04:37:59'),
(880, 278556, 'WFH', '2022-07-17 05:18:07'),
(881, 293459, 'WFH', '2022-07-17 05:56:06'),
(882, 301576, 'WFH', '2022-07-17 05:46:39'),
(883, 316110, 'WFH', '2022-07-17 06:24:47'),
(884, 325319, 'WFH', '2022-07-17 06:21:08'),
(885, 329752, 'WFH', '2022-07-17 05:40:03'),
(886, 333476, 'WFH', '2022-07-17 05:57:39'),
(887, 335732, 'WFH', '2022-07-17 05:58:21'),
(888, 363065, 'WFH', '2022-07-17 06:27:38'),
(889, 380086, 'WFH', '2022-07-17 05:47:23'),
(890, 386158, 'WFH', '2022-07-17 06:25:16'),
(891, 388642, 'WFH', '2022-07-17 06:05:23'),
(892, 392491, 'WFH', '2022-07-17 05:38:02'),
(893, 400173, 'WFH', '2022-07-17 06:17:04'),
(894, 407061, 'WFH', '2022-07-17 05:35:10'),
(895, 408351, 'WFH', '2022-07-17 06:09:23'),
(896, 426038, 'WFH', '2022-07-17 06:05:13'),
(897, 428945, 'WFH', '2022-07-17 05:47:10'),
(898, 441771, 'WFH', '2022-07-17 05:54:53'),
(899, 447813, 'WFH', '2022-07-17 05:46:02'),
(900, 456747, 'WFH', '2022-07-17 05:57:16'),
(901, 461593, 'WFH', '2022-07-17 06:10:09'),
(902, 474599, 'WFH', '2022-07-17 05:34:38'),
(903, 476433, 'WFH', '2022-07-17 05:50:13'),
(904, 477253, 'WFH', '2022-07-17 06:00:34'),
(905, 477616, 'WFH', '2022-07-17 05:58:43'),
(906, 478003, 'WFH', '2022-07-17 06:12:43'),
(907, 489424, 'WFH', '2022-07-17 06:02:08'),
(908, 491943, 'WFH', '2022-07-17 05:53:20'),
(909, 495141, 'WFH', '2022-07-17 06:25:47'),
(910, 499687, 'WFH', '2022-07-17 06:03:23'),
(911, 226714, 'WFH', '2022-07-18 04:35:59'),
(912, 227922, 'WFH', '2022-07-18 04:42:20'),
(913, 231469, 'WFH', '2022-07-18 04:56:09'),
(914, 241882, 'WFH', '2022-07-18 04:43:32'),
(915, 247137, 'WFH', '2022-07-18 05:23:34'),
(916, 253573, 'WFH', '2022-07-18 05:11:24'),
(917, 262382, 'WFH', '2022-07-18 05:16:47'),
(918, 263480, 'WFH', '2022-07-18 05:04:14'),
(919, 265813, 'WFH', '2022-07-18 05:27:44'),
(920, 278556, 'WFH', '2022-07-18 05:28:19'),
(921, 293459, 'WFH', '2022-07-18 06:22:44'),
(922, 301576, 'WFH', '2022-07-18 05:37:31'),
(923, 316110, 'WFH', '2022-07-18 06:05:21'),
(924, 325319, 'WFH', '2022-07-18 06:15:46'),
(925, 329752, 'WFH', '2022-07-18 05:50:35'),
(926, 333476, 'WFH', '2022-07-18 06:21:21'),
(927, 335732, 'WFH', '2022-07-18 05:38:26'),
(928, 363065, 'WFH', '2022-07-18 05:57:49'),
(929, 380086, 'WFH', '2022-07-18 05:31:01'),
(930, 386158, 'WFH', '2022-07-18 05:48:09'),
(931, 388642, 'WFH', '2022-07-18 06:16:30'),
(932, 392491, 'WFH', '2022-07-18 05:48:53'),
(933, 400173, 'WFH', '2022-07-18 05:40:20'),
(934, 407061, 'WFH', '2022-07-18 06:21:27'),
(935, 408351, 'WFH', '2022-07-18 06:29:23'),
(936, 426038, 'WFH', '2022-07-18 05:49:06'),
(937, 428945, 'WFH', '2022-07-18 06:02:38'),
(938, 441771, 'WFH', '2022-07-18 06:14:22'),
(939, 447813, 'WFH', '2022-07-18 06:11:14'),
(940, 456747, 'WFH', '2022-07-18 05:44:26'),
(941, 461593, 'WFH', '2022-07-18 06:14:29'),
(942, 474599, 'WFH', '2022-07-18 06:27:59'),
(943, 476433, 'WFH', '2022-07-18 05:59:10'),
(944, 477253, 'WFH', '2022-07-18 05:46:48'),
(945, 477616, 'WFH', '2022-07-18 06:21:42'),
(946, 478003, 'WFH', '2022-07-18 06:25:48'),
(947, 489424, 'WFH', '2022-07-18 05:33:19'),
(948, 491943, 'WFH', '2022-07-18 05:49:06'),
(949, 495141, 'WFH', '2022-07-18 06:06:54'),
(950, 499687, 'WFH', '2022-07-18 05:47:01'),
(951, 226714, 'WFH', '2022-07-19 05:25:21'),
(952, 227922, 'WFH', '2022-07-19 05:10:55'),
(953, 231469, 'WFH', '2022-07-19 04:53:05'),
(954, 241882, 'WFH', '2022-07-19 05:29:08'),
(955, 247137, 'WFH', '2022-07-19 05:28:16'),
(956, 253573, 'WFH', '2022-07-19 04:37:09'),
(957, 262382, 'WFH', '2022-07-19 05:22:52'),
(958, 263480, 'WFH', '2022-07-19 05:20:03'),
(959, 265813, 'WFH', '2022-07-19 05:19:49'),
(960, 278556, 'WFH', '2022-07-19 04:44:06'),
(961, 293459, 'WFH', '2022-07-19 06:13:25'),
(962, 301576, 'WFH', '2022-07-19 05:51:17'),
(963, 316110, 'WFH', '2022-07-19 05:44:12'),
(964, 325319, 'WFH', '2022-07-19 05:36:47'),
(965, 329752, 'WFH', '2022-07-19 06:23:24'),
(966, 333476, 'WFH', '2022-07-19 05:46:06'),
(967, 335732, 'WFH', '2022-07-19 05:38:53'),
(968, 363065, 'WFH', '2022-07-19 05:58:15'),
(969, 380086, 'WFH', '2022-07-19 05:46:52'),
(970, 386158, 'WFH', '2022-07-19 05:55:16'),
(971, 388642, 'WFH', '2022-07-19 05:43:43'),
(972, 392491, 'WFH', '2022-07-19 05:32:52'),
(973, 400173, 'WFH', '2022-07-19 06:12:32'),
(974, 407061, 'WFH', '2022-07-19 06:24:40'),
(975, 408351, 'WFH', '2022-07-19 06:22:29'),
(976, 426038, 'WFH', '2022-07-19 05:59:10'),
(977, 428945, 'WFH', '2022-07-19 05:56:57'),
(978, 441771, 'WFH', '2022-07-19 06:11:43'),
(979, 447813, 'WFH', '2022-07-19 05:39:46'),
(980, 456747, 'WFH', '2022-07-19 05:56:57'),
(981, 461593, 'WFH', '2022-07-19 05:34:22'),
(982, 474599, 'WFH', '2022-07-19 05:34:04'),
(983, 476433, 'WFH', '2022-07-19 06:05:09'),
(984, 477253, 'WFH', '2022-07-19 06:27:04'),
(985, 477616, 'WFH', '2022-07-19 06:19:07'),
(986, 478003, 'WFH', '2022-07-19 06:22:56'),
(987, 489424, 'WFH', '2022-07-19 06:04:07'),
(988, 491943, 'WFH', '2022-07-19 05:54:28'),
(989, 495141, 'WFH', '2022-07-19 05:55:57'),
(990, 499687, 'WFH', '2022-07-19 05:48:34'),
(991, 226714, 'WFH', '2022-07-20 05:07:22'),
(992, 227922, 'WFH', '2022-07-20 04:39:51'),
(993, 231469, 'WFH', '2022-07-20 05:22:42'),
(994, 241882, 'WFH', '2022-07-20 05:01:32'),
(995, 247137, 'WFH', '2022-07-20 04:35:34'),
(996, 253573, 'WFH', '2022-07-20 04:53:46'),
(997, 262382, 'WFH', '2022-07-20 04:48:20'),
(998, 263480, 'WFH', '2022-07-20 05:20:13'),
(999, 265813, 'WFH', '2022-07-20 05:00:13'),
(1000, 278556, 'WFH', '2022-07-20 05:22:54'),
(1001, 293459, 'WFH', '2022-07-20 05:41:12'),
(1002, 301576, 'WFH', '2022-07-20 05:31:37'),
(1003, 316110, 'WFH', '2022-07-20 06:15:19'),
(1004, 325319, 'WFH', '2022-07-20 06:29:28'),
(1005, 329752, 'WFH', '2022-07-20 05:36:22'),
(1006, 333476, 'WFH', '2022-07-20 05:49:57'),
(1007, 335732, 'WFH', '2022-07-20 05:52:46'),
(1008, 363065, 'WFH', '2022-07-20 06:24:08'),
(1009, 380086, 'WFH', '2022-07-20 06:29:59'),
(1010, 386158, 'WFH', '2022-07-20 05:50:55'),
(1011, 388642, 'WFH', '2022-07-20 05:31:51'),
(1012, 392491, 'WFH', '2022-07-20 06:04:30'),
(1013, 400173, 'WFH', '2022-07-20 06:18:47'),
(1014, 407061, 'WFH', '2022-07-20 06:29:06'),
(1015, 408351, 'WFH', '2022-07-20 06:08:45'),
(1016, 426038, 'WFH', '2022-07-20 05:46:53'),
(1017, 428945, 'WFH', '2022-07-20 05:56:04'),
(1018, 441771, 'WFH', '2022-07-20 06:06:35'),
(1019, 447813, 'WFH', '2022-07-20 06:14:18'),
(1020, 456747, 'WFH', '2022-07-20 05:54:10'),
(1021, 461593, 'WFH', '2022-07-20 05:58:11'),
(1022, 474599, 'WFH', '2022-07-20 05:40:06'),
(1023, 476433, 'WFH', '2022-07-20 05:50:04'),
(1024, 477253, 'WFH', '2022-07-20 06:07:13'),
(1025, 477616, 'WFH', '2022-07-20 05:39:18'),
(1026, 478003, 'WFH', '2022-07-20 06:07:18'),
(1027, 489424, 'WFH', '2022-07-20 05:36:38'),
(1028, 491943, 'WFH', '2022-07-20 05:50:32'),
(1029, 495141, 'WFH', '2022-07-20 06:16:48'),
(1030, 499687, 'WFH', '2022-07-20 06:18:21'),
(1031, 226714, 'WFH', '2022-07-21 04:32:48'),
(1032, 227922, 'WFH', '2022-07-21 05:06:09'),
(1033, 231469, 'WFH', '2022-07-21 04:36:40'),
(1034, 241882, 'WFH', '2022-07-21 04:34:53'),
(1035, 247137, 'WFH', '2022-07-21 05:25:25'),
(1036, 253573, 'WFH', '2022-07-21 05:10:05'),
(1037, 262382, 'WFH', '2022-07-21 05:19:43'),
(1038, 263480, 'WFH', '2022-07-21 05:27:20'),
(1039, 265813, 'WFH', '2022-07-21 04:39:50'),
(1040, 278556, 'WFH', '2022-07-21 05:24:11'),
(1041, 293459, 'WFH', '2022-07-21 06:10:55'),
(1042, 301576, 'WFH', '2022-07-21 06:23:28'),
(1043, 316110, 'WFH', '2022-07-21 06:25:15'),
(1044, 325319, 'WFH', '2022-07-21 05:51:57'),
(1045, 329752, 'WFH', '2022-07-21 05:54:39'),
(1046, 333476, 'WFH', '2022-07-21 06:05:02'),
(1047, 335732, 'WFH', '2022-07-21 05:43:42'),
(1048, 363065, 'WFH', '2022-07-21 06:11:17'),
(1049, 380086, 'WFH', '2022-07-21 06:28:34'),
(1050, 386158, 'WFH', '2022-07-21 06:23:09'),
(1051, 388642, 'WFH', '2022-07-21 05:52:11'),
(1052, 392491, 'WFH', '2022-07-21 06:12:13'),
(1053, 400173, 'WFH', '2022-07-21 05:50:58'),
(1054, 407061, 'WFH', '2022-07-21 05:52:15'),
(1055, 408351, 'WFH', '2022-07-21 06:00:38'),
(1056, 426038, 'WFH', '2022-07-21 05:51:43'),
(1057, 428945, 'WFH', '2022-07-21 05:58:20'),
(1058, 441771, 'WFH', '2022-07-21 06:05:25'),
(1059, 447813, 'WFH', '2022-07-21 05:44:12'),
(1060, 456747, 'WFH', '2022-07-21 06:08:10'),
(1061, 461593, 'WFH', '2022-07-21 05:31:31'),
(1062, 474599, 'WFH', '2022-07-21 05:51:52'),
(1063, 476433, 'WFH', '2022-07-21 05:35:46'),
(1064, 477253, 'WFH', '2022-07-21 05:41:37'),
(1065, 477616, 'WFH', '2022-07-21 06:28:20'),
(1066, 478003, 'WFH', '2022-07-21 05:45:07'),
(1067, 489424, 'WFH', '2022-07-21 05:53:35'),
(1068, 491943, 'WFH', '2022-07-21 06:08:06'),
(1069, 495141, 'WFH', '2022-07-21 06:03:11'),
(1070, 499687, 'WFH', '2022-07-21 05:32:55'),
(1071, 226714, 'WFH', '2022-07-22 04:35:35'),
(1072, 227922, 'WFH', '2022-07-22 04:37:29'),
(1073, 231469, 'WFH', '2022-07-22 04:38:33'),
(1074, 241882, 'WFH', '2022-07-22 04:55:51'),
(1075, 247137, 'WFH', '2022-07-22 05:20:02'),
(1076, 253573, 'WFH', '2022-07-22 05:08:06'),
(1077, 262382, 'WFH', '2022-07-22 04:39:45'),
(1078, 263480, 'WFH', '2022-07-22 05:08:27'),
(1079, 265813, 'WFH', '2022-07-22 04:51:03'),
(1080, 278556, 'WFH', '2022-07-22 05:19:22'),
(1081, 293459, 'WFH', '2022-07-22 05:55:59'),
(1082, 301576, 'WFH', '2022-07-22 05:51:36'),
(1083, 316110, 'WFH', '2022-07-22 05:37:38'),
(1084, 325319, 'WFH', '2022-07-22 06:07:18'),
(1085, 329752, 'WFH', '2022-07-22 06:15:38'),
(1086, 333476, 'WFH', '2022-07-22 06:17:27'),
(1087, 335732, 'WFH', '2022-07-22 06:28:40'),
(1088, 363065, 'WFH', '2022-07-22 05:34:55'),
(1089, 380086, 'WFH', '2022-07-22 06:23:52'),
(1090, 386158, 'WFH', '2022-07-22 05:49:08'),
(1091, 388642, 'WFH', '2022-07-22 05:42:22'),
(1092, 392491, 'WFH', '2022-07-22 05:31:47'),
(1093, 400173, 'WFH', '2022-07-22 05:52:58'),
(1094, 407061, 'WFH', '2022-07-22 05:40:54'),
(1095, 408351, 'WFH', '2022-07-22 06:25:58'),
(1096, 426038, 'WFH', '2022-07-22 05:47:21'),
(1097, 428945, 'WFH', '2022-07-22 05:42:57'),
(1098, 441771, 'WFH', '2022-07-22 05:43:28'),
(1099, 447813, 'WFH', '2022-07-22 05:57:55'),
(1100, 456747, 'WFH', '2022-07-22 05:53:46'),
(1101, 461593, 'WFH', '2022-07-22 05:42:28'),
(1102, 474599, 'WFH', '2022-07-22 06:24:35'),
(1103, 476433, 'WFH', '2022-07-22 06:28:04'),
(1104, 477253, 'WFH', '2022-07-22 06:11:16'),
(1105, 477616, 'WFH', '2022-07-22 05:34:22'),
(1106, 478003, 'WFH', '2022-07-22 06:20:19'),
(1107, 489424, 'WFH', '2022-07-22 05:36:08'),
(1108, 491943, 'WFH', '2022-07-22 06:23:37'),
(1109, 495141, 'WFH', '2022-07-22 05:32:44'),
(1110, 499687, 'WFH', '2022-07-22 05:35:47'),
(1111, 226714, 'WFH', '2022-07-23 04:46:37'),
(1112, 227922, 'WFH', '2022-07-23 05:17:34'),
(1113, 231469, 'WFH', '2022-07-23 05:11:04'),
(1114, 241882, 'WFH', '2022-07-23 04:55:30'),
(1115, 247137, 'WFH', '2022-07-23 05:26:52'),
(1116, 253573, 'WFH', '2022-07-23 04:48:06'),
(1117, 262382, 'WFH', '2022-07-23 04:42:16'),
(1118, 263480, 'WFH', '2022-07-23 05:17:02'),
(1119, 265813, 'WFH', '2022-07-23 05:15:37'),
(1120, 278556, 'WFH', '2022-07-23 05:03:04'),
(1121, 293459, 'WFH', '2022-07-23 05:38:37'),
(1122, 301576, 'WFH', '2022-07-23 05:38:19'),
(1123, 316110, 'WFH', '2022-07-23 05:47:27'),
(1124, 325319, 'WFH', '2022-07-23 06:28:30'),
(1125, 329752, 'WFH', '2022-07-23 06:16:58'),
(1126, 333476, 'WFH', '2022-07-23 06:07:17'),
(1127, 335732, 'WFH', '2022-07-23 06:01:58'),
(1128, 363065, 'WFH', '2022-07-23 05:48:19'),
(1129, 380086, 'WFH', '2022-07-23 05:36:42'),
(1130, 386158, 'WFH', '2022-07-23 06:09:42'),
(1131, 388642, 'WFH', '2022-07-23 06:18:43'),
(1132, 392491, 'WFH', '2022-07-23 06:20:25'),
(1133, 400173, 'WFH', '2022-07-23 06:11:51'),
(1134, 407061, 'WFH', '2022-07-23 05:45:48'),
(1135, 408351, 'WFH', '2022-07-23 06:03:14'),
(1136, 426038, 'WFH', '2022-07-23 05:57:38'),
(1137, 428945, 'WFH', '2022-07-23 06:24:04'),
(1138, 441771, 'WFH', '2022-07-23 06:00:33'),
(1139, 447813, 'WFH', '2022-07-23 06:09:32'),
(1140, 456747, 'WFH', '2022-07-23 06:29:36'),
(1141, 461593, 'WFH', '2022-07-23 06:12:28'),
(1142, 474599, 'WFH', '2022-07-23 06:02:12'),
(1143, 476433, 'WFH', '2022-07-23 06:01:04'),
(1144, 477253, 'WFH', '2022-07-23 05:37:29'),
(1145, 477616, 'WFH', '2022-07-23 06:17:55'),
(1146, 478003, 'WFH', '2022-07-23 05:52:20'),
(1147, 489424, 'WFH', '2022-07-23 05:50:41'),
(1148, 491943, 'WFH', '2022-07-23 06:25:48'),
(1149, 495141, 'WFH', '2022-07-23 06:22:29'),
(1150, 499687, 'WFH', '2022-07-23 06:22:38'),
(1151, 461593, 'WFH', '2022-07-01 04:54:23'),
(1152, 474599, 'WFH', '2022-07-01 04:53:19'),
(1153, 476433, 'WFH', '2022-07-01 05:06:26'),
(1154, 477253, 'WFH', '2022-07-01 05:08:52'),
(1155, 477616, 'WFH', '2022-07-01 05:10:59'),
(1156, 478003, 'WFH', '2022-07-01 04:50:04'),
(1157, 489424, 'WFH', '2022-07-01 04:34:52'),
(1158, 491943, 'WFH', '2022-07-01 04:32:45'),
(1159, 495141, 'WFH', '2022-07-01 05:18:10');
INSERT INTO `attendance` (`id`, `emp_id`, `status`, `created_at`) VALUES
(1160, 499687, 'WFH', '2022-07-01 05:16:59'),
(1161, 515103, 'WFH', '2022-07-01 05:34:09'),
(1162, 524896, 'WFH', '2022-07-01 06:29:58'),
(1163, 525955, 'WFH', '2022-07-01 06:21:35'),
(1164, 528509, 'WFH', '2022-07-01 06:02:16'),
(1165, 528673, 'WFH', '2022-07-01 06:08:20'),
(1166, 533952, 'WFH', '2022-07-01 06:14:01'),
(1167, 539712, 'WFH', '2022-07-01 06:13:23'),
(1168, 560455, 'WFH', '2022-07-01 05:37:58'),
(1169, 621833, 'WFH', '2022-07-01 06:02:18'),
(1170, 622406, 'WFH', '2022-07-01 06:21:41'),
(1171, 623253, 'WFH', '2022-07-01 06:06:46'),
(1172, 623929, 'WFH', '2022-07-01 06:13:18'),
(1173, 639892, 'WFH', '2022-07-01 05:36:11'),
(1174, 677509, 'WFH', '2022-07-01 05:46:06'),
(1175, 683826, 'WFH', '2022-07-01 06:09:40'),
(1176, 687017, 'WFH', '2022-07-01 05:33:33'),
(1177, 702813, 'WFH', '2022-07-01 05:34:25'),
(1178, 704709, 'WFH', '2022-07-01 05:50:10'),
(1179, 726264, 'WFH', '2022-07-01 06:10:56'),
(1180, 732017, 'WFH', '2022-07-01 05:53:28'),
(1181, 750173, 'WFH', '2022-07-01 05:53:25'),
(1182, 758872, 'WFH', '2022-07-01 06:19:52'),
(1183, 761821, 'WFH', '2022-07-01 05:35:14'),
(1184, 765850, 'WFH', '2022-07-01 06:27:30'),
(1185, 766610, 'WFH', '2022-07-01 05:56:09'),
(1186, 802554, 'WFH', '2022-07-01 06:25:10'),
(1187, 806955, 'WFH', '2022-07-01 06:09:16'),
(1188, 818384, 'WFH', '2022-07-01 05:40:56'),
(1189, 844177, 'WFH', '2022-07-01 05:36:19'),
(1190, 867084, 'WFH', '2022-07-01 05:43:43'),
(1191, 870820, 'WFH', '2022-07-01 05:44:09'),
(1192, 879753, 'WFH', '2022-07-01 05:43:21'),
(1193, 883936, 'WFH', '2022-07-01 05:40:27'),
(1194, 890290, 'WFH', '2022-07-01 05:34:49'),
(1195, 893212, 'WFH', '2022-07-01 05:55:32'),
(1196, 904898, 'WFH', '2022-07-01 06:03:25'),
(1197, 912990, 'WFH', '2022-07-01 06:19:43'),
(1198, 915638, 'WFH', '2022-07-01 06:05:55'),
(1199, 917395, 'WFH', '2022-07-01 05:33:10'),
(1200, 917937, 'WFH', '2022-07-01 05:40:46'),
(1201, 461593, 'WFH', '2022-07-02 05:22:19'),
(1202, 474599, 'WFH', '2022-07-02 04:33:31'),
(1203, 476433, 'WFH', '2022-07-02 05:03:49'),
(1204, 477253, 'WFH', '2022-07-02 05:19:16'),
(1205, 477616, 'WFH', '2022-07-02 05:10:51'),
(1206, 478003, 'WFH', '2022-07-02 05:07:47'),
(1207, 489424, 'WFH', '2022-07-02 04:41:02'),
(1208, 491943, 'WFH', '2022-07-02 04:32:41'),
(1209, 495141, 'WFH', '2022-07-02 05:12:23'),
(1210, 499687, 'WFH', '2022-07-02 04:49:55'),
(1211, 515103, 'WFH', '2022-07-02 05:38:49'),
(1212, 524896, 'WFH', '2022-07-02 06:10:40'),
(1213, 525955, 'WFH', '2022-07-02 05:46:07'),
(1214, 528509, 'WFH', '2022-07-02 05:57:30'),
(1215, 528673, 'WFH', '2022-07-02 06:02:26'),
(1216, 533952, 'WFH', '2022-07-02 06:10:21'),
(1217, 539712, 'WFH', '2022-07-02 06:22:51'),
(1218, 560455, 'WFH', '2022-07-02 06:01:47'),
(1219, 621833, 'WFH', '2022-07-02 06:15:16'),
(1220, 622406, 'WFH', '2022-07-02 05:39:44'),
(1221, 623253, 'WFH', '2022-07-02 06:20:50'),
(1222, 623929, 'WFH', '2022-07-02 05:51:33'),
(1223, 639892, 'WFH', '2022-07-02 06:27:59'),
(1224, 677509, 'WFH', '2022-07-02 05:58:39'),
(1225, 683826, 'WFH', '2022-07-02 05:39:45'),
(1226, 687017, 'WFH', '2022-07-02 05:38:58'),
(1227, 702813, 'WFH', '2022-07-02 06:22:32'),
(1228, 704709, 'WFH', '2022-07-02 05:32:36'),
(1229, 726264, 'WFH', '2022-07-02 05:37:57'),
(1230, 732017, 'WFH', '2022-07-02 06:14:32'),
(1231, 750173, 'WFH', '2022-07-02 06:29:47'),
(1232, 758872, 'WFH', '2022-07-02 06:29:03'),
(1233, 761821, 'WFH', '2022-07-02 06:27:41'),
(1234, 765850, 'WFH', '2022-07-02 06:27:11'),
(1235, 766610, 'WFH', '2022-07-02 06:04:24'),
(1236, 802554, 'WFH', '2022-07-02 05:46:12'),
(1237, 806955, 'WFH', '2022-07-02 06:29:34'),
(1238, 818384, 'WFH', '2022-07-02 06:04:07'),
(1239, 844177, 'WFH', '2022-07-02 05:51:28'),
(1240, 867084, 'WFH', '2022-07-02 05:36:33'),
(1241, 870820, 'WFH', '2022-07-02 05:43:19'),
(1242, 879753, 'WFH', '2022-07-02 05:50:36'),
(1243, 883936, 'WFH', '2022-07-02 06:15:31'),
(1244, 890290, 'WFH', '2022-07-02 06:24:13'),
(1245, 893212, 'WFH', '2022-07-02 06:13:30'),
(1246, 904898, 'WFH', '2022-07-02 06:27:26'),
(1247, 912990, 'WFH', '2022-07-02 06:21:12'),
(1248, 915638, 'WFH', '2022-07-02 06:20:40'),
(1249, 917395, 'WFH', '2022-07-02 05:42:59'),
(1250, 917937, 'WFH', '2022-07-02 05:50:38'),
(1251, 461593, 'WFH', '2022-07-03 04:44:38'),
(1252, 474599, 'WFH', '2022-07-03 05:05:01'),
(1253, 476433, 'WFH', '2022-07-03 05:29:58'),
(1254, 477253, 'WFH', '2022-07-03 05:22:48'),
(1255, 477616, 'WFH', '2022-07-03 05:25:55'),
(1256, 478003, 'WFH', '2022-07-03 04:52:07'),
(1257, 489424, 'WFH', '2022-07-03 04:36:54'),
(1258, 491943, 'WFH', '2022-07-03 05:21:36'),
(1259, 495141, 'WFH', '2022-07-03 05:15:08'),
(1260, 499687, 'WFH', '2022-07-03 05:23:58'),
(1261, 515103, 'WFH', '2022-07-03 05:45:29'),
(1262, 524896, 'WFH', '2022-07-03 05:48:52'),
(1263, 525955, 'WFH', '2022-07-03 05:42:57'),
(1264, 528509, 'WFH', '2022-07-03 05:47:25'),
(1265, 528673, 'WFH', '2022-07-03 05:36:24'),
(1266, 533952, 'WFH', '2022-07-03 06:05:28'),
(1267, 539712, 'WFH', '2022-07-03 06:12:09'),
(1268, 560455, 'WFH', '2022-07-03 06:22:32'),
(1269, 621833, 'WFH', '2022-07-03 06:03:14'),
(1270, 622406, 'WFH', '2022-07-03 06:26:24'),
(1271, 623253, 'WFH', '2022-07-03 06:24:16'),
(1272, 623929, 'WFH', '2022-07-03 05:37:44'),
(1273, 639892, 'WFH', '2022-07-03 06:25:13'),
(1274, 677509, 'WFH', '2022-07-03 06:16:20'),
(1275, 683826, 'WFH', '2022-07-03 06:14:10'),
(1276, 687017, 'WFH', '2022-07-03 05:39:03'),
(1277, 702813, 'WFH', '2022-07-03 05:32:03'),
(1278, 704709, 'WFH', '2022-07-03 05:37:39'),
(1279, 726264, 'WFH', '2022-07-03 06:19:22'),
(1280, 732017, 'WFH', '2022-07-03 06:17:37'),
(1281, 750173, 'WFH', '2022-07-03 05:44:52'),
(1282, 758872, 'WFH', '2022-07-03 06:24:57'),
(1283, 761821, 'WFH', '2022-07-03 06:27:55'),
(1284, 765850, 'WFH', '2022-07-03 05:41:58'),
(1285, 766610, 'WFH', '2022-07-03 06:15:20'),
(1286, 802554, 'WFH', '2022-07-03 06:16:41'),
(1287, 806955, 'WFH', '2022-07-03 06:02:43'),
(1288, 818384, 'WFH', '2022-07-03 06:17:37'),
(1289, 844177, 'WFH', '2022-07-03 06:15:33'),
(1290, 867084, 'WFH', '2022-07-03 06:10:37'),
(1291, 870820, 'WFH', '2022-07-03 05:51:57'),
(1292, 879753, 'WFH', '2022-07-03 06:00:08'),
(1293, 883936, 'WFH', '2022-07-03 05:35:28'),
(1294, 890290, 'WFH', '2022-07-03 05:48:54'),
(1295, 893212, 'WFH', '2022-07-03 06:01:30'),
(1296, 904898, 'WFH', '2022-07-03 05:44:43'),
(1297, 912990, 'WFH', '2022-07-03 06:09:56'),
(1298, 915638, 'WFH', '2022-07-03 06:17:35'),
(1299, 917395, 'WFH', '2022-07-03 05:52:08'),
(1300, 917937, 'WFH', '2022-07-03 05:46:26'),
(1301, 461593, 'WFH', '2022-07-04 04:53:29'),
(1302, 474599, 'WFH', '2022-07-04 05:19:19'),
(1303, 476433, 'WFH', '2022-07-04 04:47:18'),
(1304, 477253, 'WFH', '2022-07-04 05:13:56'),
(1305, 477616, 'WFH', '2022-07-04 04:48:51'),
(1306, 478003, 'WFH', '2022-07-04 05:12:57'),
(1307, 489424, 'WFH', '2022-07-04 04:45:50'),
(1308, 491943, 'WFH', '2022-07-04 04:58:15'),
(1309, 495141, 'WFH', '2022-07-04 05:22:11'),
(1310, 499687, 'WFH', '2022-07-04 05:25:29'),
(1311, 515103, 'WFH', '2022-07-04 06:02:31'),
(1312, 524896, 'WFH', '2022-07-04 05:59:33'),
(1313, 525955, 'WFH', '2022-07-04 06:10:53'),
(1314, 528509, 'WFH', '2022-07-04 05:54:09'),
(1315, 528673, 'WFH', '2022-07-04 05:57:49'),
(1316, 533952, 'WFH', '2022-07-04 06:28:52'),
(1317, 539712, 'WFH', '2022-07-04 06:10:17'),
(1318, 560455, 'WFH', '2022-07-04 06:00:09'),
(1319, 621833, 'WFH', '2022-07-04 05:41:18'),
(1320, 622406, 'WFH', '2022-07-04 06:03:16'),
(1321, 623253, 'WFH', '2022-07-04 06:01:22'),
(1322, 623929, 'WFH', '2022-07-04 05:50:14'),
(1323, 639892, 'WFH', '2022-07-04 05:37:52'),
(1324, 677509, 'WFH', '2022-07-04 05:37:44'),
(1325, 683826, 'WFH', '2022-07-04 06:14:12'),
(1326, 687017, 'WFH', '2022-07-04 06:05:47'),
(1327, 702813, 'WFH', '2022-07-04 06:22:30'),
(1328, 704709, 'WFH', '2022-07-04 05:34:42'),
(1329, 726264, 'WFH', '2022-07-04 06:15:10'),
(1330, 732017, 'WFH', '2022-07-04 06:12:43'),
(1331, 750173, 'WFH', '2022-07-04 05:52:32'),
(1332, 758872, 'WFH', '2022-07-04 05:31:30'),
(1333, 761821, 'WFH', '2022-07-04 06:18:05'),
(1334, 765850, 'WFH', '2022-07-04 05:43:29'),
(1335, 766610, 'WFH', '2022-07-04 06:25:11'),
(1336, 802554, 'WFH', '2022-07-04 06:13:41'),
(1337, 806955, 'WFH', '2022-07-04 05:37:04'),
(1338, 818384, 'WFH', '2022-07-04 06:02:17'),
(1339, 844177, 'WFH', '2022-07-04 06:13:32'),
(1340, 867084, 'WFH', '2022-07-04 06:27:57'),
(1341, 870820, 'WFH', '2022-07-04 06:04:13'),
(1342, 879753, 'WFH', '2022-07-04 06:17:26'),
(1343, 883936, 'WFH', '2022-07-04 06:04:24'),
(1344, 890290, 'WFH', '2022-07-04 06:29:54'),
(1345, 893212, 'WFH', '2022-07-04 06:04:41'),
(1346, 904898, 'WFH', '2022-07-04 05:53:24'),
(1347, 912990, 'WFH', '2022-07-04 05:51:56'),
(1348, 915638, 'WFH', '2022-07-04 06:15:34'),
(1349, 917395, 'WFH', '2022-07-04 05:45:45'),
(1350, 917937, 'WFH', '2022-07-04 06:27:10'),
(1351, 461593, 'WFH', '2022-07-05 04:59:44'),
(1352, 474599, 'WFH', '2022-07-05 04:51:47'),
(1353, 476433, 'WFH', '2022-07-05 05:04:55'),
(1354, 477253, 'WFH', '2022-07-05 04:47:53'),
(1355, 477616, 'WFH', '2022-07-05 04:50:15'),
(1356, 478003, 'WFH', '2022-07-05 05:21:43'),
(1357, 489424, 'WFH', '2022-07-05 04:35:11'),
(1358, 491943, 'WFH', '2022-07-05 04:31:24'),
(1359, 495141, 'WFH', '2022-07-05 05:28:57'),
(1360, 499687, 'WFH', '2022-07-05 04:57:30'),
(1361, 515103, 'WFH', '2022-07-05 06:03:08'),
(1362, 524896, 'WFH', '2022-07-05 06:11:49'),
(1363, 525955, 'WFH', '2022-07-05 05:39:51'),
(1364, 528509, 'WFH', '2022-07-05 05:53:59'),
(1365, 528673, 'WFH', '2022-07-05 06:15:27'),
(1366, 533952, 'WFH', '2022-07-05 06:14:37'),
(1367, 539712, 'WFH', '2022-07-05 05:58:21'),
(1368, 560455, 'WFH', '2022-07-05 05:36:31'),
(1369, 621833, 'WFH', '2022-07-05 06:05:02'),
(1370, 622406, 'WFH', '2022-07-05 06:11:32'),
(1371, 623253, 'WFH', '2022-07-05 05:57:10'),
(1372, 623929, 'WFH', '2022-07-05 05:38:29'),
(1373, 639892, 'WFH', '2022-07-05 05:53:54'),
(1374, 677509, 'WFH', '2022-07-05 06:25:38'),
(1375, 683826, 'WFH', '2022-07-05 05:36:44'),
(1376, 687017, 'WFH', '2022-07-05 06:21:12'),
(1377, 702813, 'WFH', '2022-07-05 05:51:34'),
(1378, 704709, 'WFH', '2022-07-05 05:53:18'),
(1379, 726264, 'WFH', '2022-07-05 05:53:07'),
(1380, 732017, 'WFH', '2022-07-05 06:17:31'),
(1381, 750173, 'WFH', '2022-07-05 06:13:46'),
(1382, 758872, 'WFH', '2022-07-05 06:09:51'),
(1383, 761821, 'WFH', '2022-07-05 05:46:56'),
(1384, 765850, 'WFH', '2022-07-05 06:14:12'),
(1385, 766610, 'WFH', '2022-07-05 05:59:52'),
(1386, 802554, 'WFH', '2022-07-05 05:45:19'),
(1387, 806955, 'WFH', '2022-07-05 06:02:13'),
(1388, 818384, 'WFH', '2022-07-05 05:51:28'),
(1389, 844177, 'WFH', '2022-07-05 06:16:10'),
(1390, 867084, 'WFH', '2022-07-05 05:53:22'),
(1391, 870820, 'WFH', '2022-07-05 05:43:25'),
(1392, 879753, 'WFH', '2022-07-05 05:38:41'),
(1393, 883936, 'WFH', '2022-07-05 05:49:26'),
(1394, 890290, 'WFH', '2022-07-05 05:46:57'),
(1395, 893212, 'WFH', '2022-07-05 05:35:27'),
(1396, 904898, 'WFH', '2022-07-05 05:34:12'),
(1397, 912990, 'WFH', '2022-07-05 06:01:16'),
(1398, 915638, 'WFH', '2022-07-05 05:31:05'),
(1399, 917395, 'WFH', '2022-07-05 05:59:20'),
(1400, 917937, 'WFH', '2022-07-05 05:34:15'),
(1401, 461593, 'WFH', '2022-07-06 05:00:02'),
(1402, 474599, 'WFH', '2022-07-06 05:01:07'),
(1403, 476433, 'WFH', '2022-07-06 04:43:49'),
(1404, 477253, 'WFH', '2022-07-06 05:05:40'),
(1405, 477616, 'WFH', '2022-07-06 04:39:38'),
(1406, 478003, 'WFH', '2022-07-06 05:15:52'),
(1407, 489424, 'WFH', '2022-07-06 05:15:29'),
(1408, 491943, 'WFH', '2022-07-06 05:13:49'),
(1409, 495141, 'WFH', '2022-07-06 04:51:01'),
(1410, 499687, 'WFH', '2022-07-06 05:12:04'),
(1411, 515103, 'WFH', '2022-07-06 06:22:21'),
(1412, 524896, 'WFH', '2022-07-06 06:15:27'),
(1413, 525955, 'WFH', '2022-07-06 05:59:13'),
(1414, 528509, 'WFH', '2022-07-06 05:42:48'),
(1415, 528673, 'WFH', '2022-07-06 06:24:45'),
(1416, 533952, 'WFH', '2022-07-06 05:33:37'),
(1417, 539712, 'WFH', '2022-07-06 06:09:19'),
(1418, 560455, 'WFH', '2022-07-06 05:45:36'),
(1419, 621833, 'WFH', '2022-07-06 05:52:21'),
(1420, 622406, 'WFH', '2022-07-06 05:59:26'),
(1421, 623253, 'WFH', '2022-07-06 05:54:22'),
(1422, 623929, 'WFH', '2022-07-06 06:12:30'),
(1423, 639892, 'WFH', '2022-07-06 06:08:05'),
(1424, 677509, 'WFH', '2022-07-06 06:16:59'),
(1425, 683826, 'WFH', '2022-07-06 06:03:59'),
(1426, 687017, 'WFH', '2022-07-06 06:06:29'),
(1427, 702813, 'WFH', '2022-07-06 06:26:35'),
(1428, 704709, 'WFH', '2022-07-06 05:46:11'),
(1429, 726264, 'WFH', '2022-07-06 06:05:30'),
(1430, 732017, 'WFH', '2022-07-06 06:06:31'),
(1431, 750173, 'WFH', '2022-07-06 05:44:58'),
(1432, 758872, 'WFH', '2022-07-06 05:40:29'),
(1433, 761821, 'WFH', '2022-07-06 06:05:24'),
(1434, 765850, 'WFH', '2022-07-06 06:00:38'),
(1435, 766610, 'WFH', '2022-07-06 05:45:39'),
(1436, 802554, 'WFH', '2022-07-06 05:38:22'),
(1437, 806955, 'WFH', '2022-07-06 06:08:22'),
(1438, 818384, 'WFH', '2022-07-06 06:26:42'),
(1439, 844177, 'WFH', '2022-07-06 05:32:33'),
(1440, 867084, 'WFH', '2022-07-06 06:03:22'),
(1441, 870820, 'WFH', '2022-07-06 06:21:11'),
(1442, 879753, 'WFH', '2022-07-06 05:41:08'),
(1443, 883936, 'WFH', '2022-07-06 05:34:27'),
(1444, 890290, 'WFH', '2022-07-06 05:52:02'),
(1445, 893212, 'WFH', '2022-07-06 06:24:57'),
(1446, 904898, 'WFH', '2022-07-06 06:25:31'),
(1447, 912990, 'WFH', '2022-07-06 06:02:31'),
(1448, 915638, 'WFH', '2022-07-06 06:05:16'),
(1449, 917395, 'WFH', '2022-07-06 06:13:05'),
(1450, 917937, 'WFH', '2022-07-06 06:08:56'),
(1451, 461593, 'WFH', '2022-07-07 04:50:27'),
(1452, 474599, 'WFH', '2022-07-07 04:35:31'),
(1453, 476433, 'WFH', '2022-07-07 04:42:24'),
(1454, 477253, 'WFH', '2022-07-07 05:26:38'),
(1455, 477616, 'WFH', '2022-07-07 04:38:12'),
(1456, 478003, 'WFH', '2022-07-07 04:50:45'),
(1457, 489424, 'WFH', '2022-07-07 05:13:15'),
(1458, 491943, 'WFH', '2022-07-07 05:00:53'),
(1459, 495141, 'WFH', '2022-07-07 05:08:41'),
(1460, 499687, 'WFH', '2022-07-07 05:19:03'),
(1461, 515103, 'WFH', '2022-07-07 06:14:13'),
(1462, 524896, 'WFH', '2022-07-07 06:15:24'),
(1463, 525955, 'WFH', '2022-07-07 06:21:09'),
(1464, 528509, 'WFH', '2022-07-07 06:27:54'),
(1465, 528673, 'WFH', '2022-07-07 06:01:28'),
(1466, 533952, 'WFH', '2022-07-07 06:17:15'),
(1467, 539712, 'WFH', '2022-07-07 05:58:19'),
(1468, 560455, 'WFH', '2022-07-07 05:37:16'),
(1469, 621833, 'WFH', '2022-07-07 05:47:15'),
(1470, 622406, 'WFH', '2022-07-07 05:52:36'),
(1471, 623253, 'WFH', '2022-07-07 05:33:12'),
(1472, 623929, 'WFH', '2022-07-07 05:56:10'),
(1473, 639892, 'WFH', '2022-07-07 05:47:09'),
(1474, 677509, 'WFH', '2022-07-07 06:03:05'),
(1475, 683826, 'WFH', '2022-07-07 05:52:30'),
(1476, 687017, 'WFH', '2022-07-07 05:43:20'),
(1477, 702813, 'WFH', '2022-07-07 05:39:39'),
(1478, 704709, 'WFH', '2022-07-07 05:47:12'),
(1479, 726264, 'WFH', '2022-07-07 05:56:19'),
(1480, 732017, 'WFH', '2022-07-07 06:01:43'),
(1481, 750173, 'WFH', '2022-07-07 06:11:05'),
(1482, 758872, 'WFH', '2022-07-07 06:29:02'),
(1483, 761821, 'WFH', '2022-07-07 06:17:54'),
(1484, 765850, 'WFH', '2022-07-07 05:39:45'),
(1485, 766610, 'WFH', '2022-07-07 06:22:35'),
(1486, 802554, 'WFH', '2022-07-07 06:01:31'),
(1487, 806955, 'WFH', '2022-07-07 06:07:17'),
(1488, 818384, 'WFH', '2022-07-07 05:59:16'),
(1489, 844177, 'WFH', '2022-07-07 06:06:31'),
(1490, 867084, 'WFH', '2022-07-07 06:25:49'),
(1491, 870820, 'WFH', '2022-07-07 06:26:37'),
(1492, 879753, 'WFH', '2022-07-07 05:39:09'),
(1493, 883936, 'WFH', '2022-07-07 05:57:04'),
(1494, 890290, 'WFH', '2022-07-07 05:40:36'),
(1495, 893212, 'WFH', '2022-07-07 06:10:08'),
(1496, 904898, 'WFH', '2022-07-07 06:20:25'),
(1497, 912990, 'WFH', '2022-07-07 05:58:35'),
(1498, 915638, 'WFH', '2022-07-07 05:42:12'),
(1499, 917395, 'WFH', '2022-07-07 06:08:22'),
(1500, 917937, 'WFH', '2022-07-07 06:18:21'),
(1501, 461593, 'WFH', '2022-07-08 04:37:02'),
(1502, 474599, 'WFH', '2022-07-08 04:56:01'),
(1503, 476433, 'WFH', '2022-07-08 04:48:29'),
(1504, 477253, 'WFH', '2022-07-08 05:23:38'),
(1505, 477616, 'WFH', '2022-07-08 04:48:51'),
(1506, 478003, 'WFH', '2022-07-08 05:19:09'),
(1507, 489424, 'WFH', '2022-07-08 04:54:57'),
(1508, 491943, 'WFH', '2022-07-08 05:02:07'),
(1509, 495141, 'WFH', '2022-07-08 05:00:50'),
(1510, 499687, 'WFH', '2022-07-08 04:32:24'),
(1511, 515103, 'WFH', '2022-07-08 06:17:17'),
(1512, 524896, 'WFH', '2022-07-08 05:53:21'),
(1513, 525955, 'WFH', '2022-07-08 05:39:07'),
(1514, 528509, 'WFH', '2022-07-08 05:52:14'),
(1515, 528673, 'WFH', '2022-07-08 06:23:38'),
(1516, 533952, 'WFH', '2022-07-08 06:11:55'),
(1517, 539712, 'WFH', '2022-07-08 05:54:04'),
(1518, 560455, 'WFH', '2022-07-08 05:32:36'),
(1519, 621833, 'WFH', '2022-07-08 06:09:51'),
(1520, 622406, 'WFH', '2022-07-08 05:59:52'),
(1521, 623253, 'WFH', '2022-07-08 06:07:16'),
(1522, 623929, 'WFH', '2022-07-08 06:07:27'),
(1523, 639892, 'WFH', '2022-07-08 05:48:37'),
(1524, 677509, 'WFH', '2022-07-08 06:02:06'),
(1525, 683826, 'WFH', '2022-07-08 06:08:41'),
(1526, 687017, 'WFH', '2022-07-08 06:18:49'),
(1527, 702813, 'WFH', '2022-07-08 05:35:14'),
(1528, 704709, 'WFH', '2022-07-08 05:55:40'),
(1529, 726264, 'WFH', '2022-07-08 06:23:13'),
(1530, 732017, 'WFH', '2022-07-08 05:42:22'),
(1531, 750173, 'WFH', '2022-07-08 05:59:58'),
(1532, 758872, 'WFH', '2022-07-08 06:24:46'),
(1533, 761821, 'WFH', '2022-07-08 06:28:21'),
(1534, 765850, 'WFH', '2022-07-08 06:06:23'),
(1535, 766610, 'WFH', '2022-07-08 06:12:26'),
(1536, 802554, 'WFH', '2022-07-08 06:22:47'),
(1537, 806955, 'WFH', '2022-07-08 05:59:39'),
(1538, 818384, 'WFH', '2022-07-08 06:18:20'),
(1539, 844177, 'WFH', '2022-07-08 06:28:26'),
(1540, 867084, 'WFH', '2022-07-08 06:09:41'),
(1541, 870820, 'WFH', '2022-07-08 05:55:36'),
(1542, 879753, 'WFH', '2022-07-08 05:57:39'),
(1543, 883936, 'WFH', '2022-07-08 06:04:27'),
(1544, 890290, 'WFH', '2022-07-08 05:52:34'),
(1545, 893212, 'WFH', '2022-07-08 05:33:04'),
(1546, 904898, 'WFH', '2022-07-08 05:40:29'),
(1547, 912990, 'WFH', '2022-07-08 05:52:01'),
(1548, 915638, 'WFH', '2022-07-08 06:13:14'),
(1549, 917395, 'WFH', '2022-07-08 06:20:53'),
(1550, 917937, 'WFH', '2022-07-08 05:32:11'),
(1551, 461593, 'WFH', '2022-07-09 05:12:15'),
(1552, 474599, 'WFH', '2022-07-09 04:35:48'),
(1553, 476433, 'WFH', '2022-07-09 05:00:14'),
(1554, 477253, 'WFH', '2022-07-09 05:00:41'),
(1555, 477616, 'WFH', '2022-07-09 04:53:53'),
(1556, 478003, 'WFH', '2022-07-09 05:10:30'),
(1557, 489424, 'WFH', '2022-07-09 05:19:57'),
(1558, 491943, 'WFH', '2022-07-09 04:55:51'),
(1559, 495141, 'WFH', '2022-07-09 05:22:32'),
(1560, 499687, 'WFH', '2022-07-09 04:39:26'),
(1561, 515103, 'WFH', '2022-07-09 05:55:21'),
(1562, 524896, 'WFH', '2022-07-09 06:06:26'),
(1563, 525955, 'WFH', '2022-07-09 05:42:59'),
(1564, 528509, 'WFH', '2022-07-09 05:54:12'),
(1565, 528673, 'WFH', '2022-07-09 06:03:46'),
(1566, 533952, 'WFH', '2022-07-09 06:03:08'),
(1567, 539712, 'WFH', '2022-07-09 05:45:52'),
(1568, 560455, 'WFH', '2022-07-09 06:23:51'),
(1569, 621833, 'WFH', '2022-07-09 05:32:58'),
(1570, 622406, 'WFH', '2022-07-09 06:17:35'),
(1571, 623253, 'WFH', '2022-07-09 05:42:09'),
(1572, 623929, 'WFH', '2022-07-09 06:08:23'),
(1573, 639892, 'WFH', '2022-07-09 06:11:51'),
(1574, 677509, 'WFH', '2022-07-09 06:00:25'),
(1575, 683826, 'WFH', '2022-07-09 05:38:16'),
(1576, 687017, 'WFH', '2022-07-09 05:41:23'),
(1577, 702813, 'WFH', '2022-07-09 06:18:35'),
(1578, 704709, 'WFH', '2022-07-09 05:37:03'),
(1579, 726264, 'WFH', '2022-07-09 05:34:22'),
(1580, 732017, 'WFH', '2022-07-09 05:45:32'),
(1581, 750173, 'WFH', '2022-07-09 06:05:55'),
(1582, 758872, 'WFH', '2022-07-09 05:35:19'),
(1583, 761821, 'WFH', '2022-07-09 06:20:24'),
(1584, 765850, 'WFH', '2022-07-09 06:01:25'),
(1585, 766610, 'WFH', '2022-07-09 06:09:31'),
(1586, 802554, 'WFH', '2022-07-09 05:37:35'),
(1587, 806955, 'WFH', '2022-07-09 05:44:39'),
(1588, 818384, 'WFH', '2022-07-09 06:02:26'),
(1589, 844177, 'WFH', '2022-07-09 05:55:49'),
(1590, 867084, 'WFH', '2022-07-09 06:04:23'),
(1591, 870820, 'WFH', '2022-07-09 06:24:48'),
(1592, 879753, 'WFH', '2022-07-09 06:07:35'),
(1593, 883936, 'WFH', '2022-07-09 06:17:47'),
(1594, 890290, 'WFH', '2022-07-09 06:07:54'),
(1595, 893212, 'WFH', '2022-07-09 06:06:45'),
(1596, 904898, 'WFH', '2022-07-09 06:27:21'),
(1597, 912990, 'WFH', '2022-07-09 05:47:33'),
(1598, 915638, 'WFH', '2022-07-09 05:55:53'),
(1599, 917395, 'WFH', '2022-07-09 05:35:48'),
(1600, 917937, 'WFH', '2022-07-09 06:01:23'),
(1601, 461593, 'WFH', '2022-07-10 05:27:24'),
(1602, 474599, 'WFH', '2022-07-10 04:56:56'),
(1603, 476433, 'WFH', '2022-07-10 05:23:48'),
(1604, 477253, 'WFH', '2022-07-10 05:17:56'),
(1605, 477616, 'WFH', '2022-07-10 05:00:43'),
(1606, 478003, 'WFH', '2022-07-10 04:59:40'),
(1607, 489424, 'WFH', '2022-07-10 04:45:52'),
(1608, 491943, 'WFH', '2022-07-10 04:56:53'),
(1609, 495141, 'WFH', '2022-07-10 04:55:01'),
(1610, 499687, 'WFH', '2022-07-10 05:17:22'),
(1611, 515103, 'WFH', '2022-07-10 06:20:31'),
(1612, 524896, 'WFH', '2022-07-10 05:34:56'),
(1613, 525955, 'WFH', '2022-07-10 05:39:13'),
(1614, 528509, 'WFH', '2022-07-10 06:13:18'),
(1615, 528673, 'WFH', '2022-07-10 05:56:13'),
(1616, 533952, 'WFH', '2022-07-10 05:48:04'),
(1617, 539712, 'WFH', '2022-07-10 06:06:11'),
(1618, 560455, 'WFH', '2022-07-10 06:12:48'),
(1619, 621833, 'WFH', '2022-07-10 05:39:44'),
(1620, 622406, 'WFH', '2022-07-10 05:39:07'),
(1621, 623253, 'WFH', '2022-07-10 06:04:26'),
(1622, 623929, 'WFH', '2022-07-10 05:53:11'),
(1623, 639892, 'WFH', '2022-07-10 06:00:10'),
(1624, 677509, 'WFH', '2022-07-10 05:55:27'),
(1625, 683826, 'WFH', '2022-07-10 05:50:14'),
(1626, 687017, 'WFH', '2022-07-10 05:38:33'),
(1627, 702813, 'WFH', '2022-07-10 06:01:13'),
(1628, 704709, 'WFH', '2022-07-10 05:51:02'),
(1629, 726264, 'WFH', '2022-07-10 05:59:31'),
(1630, 732017, 'WFH', '2022-07-10 06:00:19'),
(1631, 750173, 'WFH', '2022-07-10 06:15:11'),
(1632, 758872, 'WFH', '2022-07-10 06:04:49'),
(1633, 761821, 'WFH', '2022-07-10 05:34:34'),
(1634, 765850, 'WFH', '2022-07-10 05:31:21'),
(1635, 766610, 'WFH', '2022-07-10 05:56:13'),
(1636, 802554, 'WFH', '2022-07-10 05:50:49'),
(1637, 806955, 'WFH', '2022-07-10 05:55:34'),
(1638, 818384, 'WFH', '2022-07-10 06:28:25'),
(1639, 844177, 'WFH', '2022-07-10 06:10:56'),
(1640, 867084, 'WFH', '2022-07-10 06:06:39'),
(1641, 870820, 'WFH', '2022-07-10 06:07:42'),
(1642, 879753, 'WFH', '2022-07-10 05:57:29'),
(1643, 883936, 'WFH', '2022-07-10 06:13:08'),
(1644, 890290, 'WFH', '2022-07-10 06:23:49'),
(1645, 893212, 'WFH', '2022-07-10 05:48:41'),
(1646, 904898, 'WFH', '2022-07-10 06:20:27'),
(1647, 912990, 'WFH', '2022-07-10 05:45:24'),
(1648, 915638, 'WFH', '2022-07-10 05:49:28'),
(1649, 917395, 'WFH', '2022-07-10 05:39:56'),
(1650, 917937, 'WFH', '2022-07-10 05:48:56'),
(1651, 461593, 'WFH', '2022-07-11 04:39:42'),
(1652, 474599, 'WFH', '2022-07-11 04:51:53'),
(1653, 476433, 'WFH', '2022-07-11 05:23:56'),
(1654, 477253, 'WFH', '2022-07-11 04:48:42'),
(1655, 477616, 'WFH', '2022-07-11 05:15:51'),
(1656, 478003, 'WFH', '2022-07-11 04:42:13'),
(1657, 489424, 'WFH', '2022-07-11 04:47:20'),
(1658, 491943, 'WFH', '2022-07-11 04:53:21'),
(1659, 495141, 'WFH', '2022-07-11 05:20:54'),
(1660, 499687, 'WFH', '2022-07-11 04:32:53'),
(1661, 515103, 'WFH', '2022-07-11 05:47:37'),
(1662, 524896, 'WFH', '2022-07-11 05:46:10'),
(1663, 525955, 'WFH', '2022-07-11 05:57:33'),
(1664, 528509, 'WFH', '2022-07-11 05:53:38'),
(1665, 528673, 'WFH', '2022-07-11 05:55:10'),
(1666, 533952, 'WFH', '2022-07-11 05:46:24'),
(1667, 539712, 'WFH', '2022-07-11 05:51:34'),
(1668, 560455, 'WFH', '2022-07-11 05:57:51'),
(1669, 621833, 'WFH', '2022-07-11 05:38:50'),
(1670, 622406, 'WFH', '2022-07-11 05:40:51'),
(1671, 623253, 'WFH', '2022-07-11 06:00:13'),
(1672, 623929, 'WFH', '2022-07-11 06:05:05'),
(1673, 639892, 'WFH', '2022-07-11 05:47:14'),
(1674, 677509, 'WFH', '2022-07-11 05:36:42'),
(1675, 683826, 'WFH', '2022-07-11 05:32:19'),
(1676, 687017, 'WFH', '2022-07-11 06:10:41'),
(1677, 702813, 'WFH', '2022-07-11 06:03:46'),
(1678, 704709, 'WFH', '2022-07-11 05:56:16'),
(1679, 726264, 'WFH', '2022-07-11 06:28:47'),
(1680, 732017, 'WFH', '2022-07-11 05:57:48'),
(1681, 750173, 'WFH', '2022-07-11 06:06:20'),
(1682, 758872, 'WFH', '2022-07-11 06:09:03'),
(1683, 761821, 'WFH', '2022-07-11 05:37:55'),
(1684, 765850, 'WFH', '2022-07-11 06:06:14'),
(1685, 766610, 'WFH', '2022-07-11 05:54:49'),
(1686, 802554, 'WFH', '2022-07-11 05:34:01'),
(1687, 806955, 'WFH', '2022-07-11 06:28:36'),
(1688, 818384, 'WFH', '2022-07-11 05:56:03'),
(1689, 844177, 'WFH', '2022-07-11 05:42:36'),
(1690, 867084, 'WFH', '2022-07-11 06:24:26'),
(1691, 870820, 'WFH', '2022-07-11 06:28:57'),
(1692, 879753, 'WFH', '2022-07-11 06:03:45'),
(1693, 883936, 'WFH', '2022-07-11 06:20:48'),
(1694, 890290, 'WFH', '2022-07-11 06:03:24'),
(1695, 893212, 'WFH', '2022-07-11 05:57:12'),
(1696, 904898, 'WFH', '2022-07-11 05:35:07'),
(1697, 912990, 'WFH', '2022-07-11 06:01:21'),
(1698, 915638, 'WFH', '2022-07-11 06:04:36'),
(1699, 917395, 'WFH', '2022-07-11 06:11:54'),
(1700, 917937, 'WFH', '2022-07-11 05:38:35'),
(1701, 461593, 'WFH', '2022-07-12 04:59:21'),
(1702, 474599, 'WFH', '2022-07-12 04:38:28'),
(1703, 476433, 'WFH', '2022-07-12 04:33:26'),
(1704, 477253, 'WFH', '2022-07-12 04:31:24'),
(1705, 477616, 'WFH', '2022-07-12 05:09:40'),
(1706, 478003, 'WFH', '2022-07-12 05:10:34'),
(1707, 489424, 'WFH', '2022-07-12 05:12:26'),
(1708, 491943, 'WFH', '2022-07-12 04:31:01'),
(1709, 495141, 'WFH', '2022-07-12 04:43:55'),
(1710, 499687, 'WFH', '2022-07-12 04:50:03'),
(1711, 515103, 'WFH', '2022-07-12 06:09:47'),
(1712, 524896, 'WFH', '2022-07-12 05:50:23'),
(1713, 525955, 'WFH', '2022-07-12 05:33:01'),
(1714, 528509, 'WFH', '2022-07-12 06:13:29'),
(1715, 528673, 'WFH', '2022-07-12 05:56:19'),
(1716, 533952, 'WFH', '2022-07-12 06:15:05'),
(1717, 539712, 'WFH', '2022-07-12 06:28:01'),
(1718, 560455, 'WFH', '2022-07-12 05:51:06'),
(1719, 621833, 'WFH', '2022-07-12 05:41:40'),
(1720, 622406, 'WFH', '2022-07-12 06:15:14'),
(1721, 623253, 'WFH', '2022-07-12 05:31:41'),
(1722, 623929, 'WFH', '2022-07-12 05:39:51'),
(1723, 639892, 'WFH', '2022-07-12 06:00:23'),
(1724, 677509, 'WFH', '2022-07-12 05:47:43'),
(1725, 683826, 'WFH', '2022-07-12 05:34:52'),
(1726, 687017, 'WFH', '2022-07-12 05:35:34'),
(1727, 702813, 'WFH', '2022-07-12 05:33:53'),
(1728, 704709, 'WFH', '2022-07-12 06:09:11'),
(1729, 726264, 'WFH', '2022-07-12 06:19:39'),
(1730, 732017, 'WFH', '2022-07-12 05:52:35'),
(1731, 750173, 'WFH', '2022-07-12 06:10:16'),
(1732, 758872, 'WFH', '2022-07-12 05:36:54'),
(1733, 761821, 'WFH', '2022-07-12 05:42:16'),
(1734, 765850, 'WFH', '2022-07-12 05:58:38'),
(1735, 766610, 'WFH', '2022-07-12 05:34:11'),
(1736, 802554, 'WFH', '2022-07-12 06:02:06'),
(1737, 806955, 'WFH', '2022-07-12 06:23:35'),
(1738, 818384, 'WFH', '2022-07-12 06:23:26'),
(1739, 844177, 'WFH', '2022-07-12 05:58:07'),
(1740, 867084, 'WFH', '2022-07-12 05:34:38'),
(1741, 870820, 'WFH', '2022-07-12 06:09:47'),
(1742, 879753, 'WFH', '2022-07-12 06:18:28'),
(1743, 883936, 'WFH', '2022-07-12 05:43:12'),
(1744, 890290, 'WFH', '2022-07-12 05:37:23'),
(1745, 893212, 'WFH', '2022-07-12 05:57:43'),
(1746, 904898, 'WFH', '2022-07-12 06:26:32'),
(1747, 912990, 'WFH', '2022-07-12 06:21:09'),
(1748, 915638, 'WFH', '2022-07-12 05:38:16'),
(1749, 917395, 'WFH', '2022-07-12 05:33:53'),
(1750, 917937, 'WFH', '2022-07-12 05:59:56'),
(1751, 461593, 'WFH', '2022-07-13 04:46:53'),
(1752, 474599, 'WFH', '2022-07-13 05:09:39'),
(1753, 476433, 'WFH', '2022-07-13 04:42:28'),
(1754, 477253, 'WFH', '2022-07-13 04:49:28'),
(1755, 477616, 'WFH', '2022-07-13 05:17:37'),
(1756, 478003, 'WFH', '2022-07-13 04:31:56'),
(1757, 489424, 'WFH', '2022-07-13 04:40:35'),
(1758, 491943, 'WFH', '2022-07-13 05:12:13'),
(1759, 495141, 'WFH', '2022-07-13 05:00:25'),
(1760, 499687, 'WFH', '2022-07-13 04:52:22'),
(1761, 515103, 'WFH', '2022-07-13 06:26:53'),
(1762, 524896, 'WFH', '2022-07-13 06:20:05'),
(1763, 525955, 'WFH', '2022-07-13 05:59:35'),
(1764, 528509, 'WFH', '2022-07-13 05:35:53'),
(1765, 528673, 'WFH', '2022-07-13 05:41:21'),
(1766, 533952, 'WFH', '2022-07-13 05:37:36'),
(1767, 539712, 'WFH', '2022-07-13 05:42:02'),
(1768, 560455, 'WFH', '2022-07-13 05:49:43'),
(1769, 621833, 'WFH', '2022-07-13 05:54:57'),
(1770, 622406, 'WFH', '2022-07-13 06:18:53'),
(1771, 623253, 'WFH', '2022-07-13 06:09:19'),
(1772, 623929, 'WFH', '2022-07-13 06:15:59'),
(1773, 639892, 'WFH', '2022-07-13 06:09:25'),
(1774, 677509, 'WFH', '2022-07-13 05:56:58'),
(1775, 683826, 'WFH', '2022-07-13 05:37:03'),
(1776, 687017, 'WFH', '2022-07-13 05:45:47'),
(1777, 702813, 'WFH', '2022-07-13 05:41:53'),
(1778, 704709, 'WFH', '2022-07-13 05:51:02'),
(1779, 726264, 'WFH', '2022-07-13 06:20:56'),
(1780, 732017, 'WFH', '2022-07-13 06:17:56'),
(1781, 750173, 'WFH', '2022-07-13 06:03:35'),
(1782, 758872, 'WFH', '2022-07-13 05:32:11'),
(1783, 761821, 'WFH', '2022-07-13 05:44:12'),
(1784, 765850, 'WFH', '2022-07-13 06:15:17'),
(1785, 766610, 'WFH', '2022-07-13 05:43:51'),
(1786, 802554, 'WFH', '2022-07-13 06:10:55'),
(1787, 806955, 'WFH', '2022-07-13 06:22:46'),
(1788, 818384, 'WFH', '2022-07-13 05:52:45'),
(1789, 844177, 'WFH', '2022-07-13 05:53:34'),
(1790, 867084, 'WFH', '2022-07-13 06:22:18'),
(1791, 870820, 'WFH', '2022-07-13 05:51:03'),
(1792, 879753, 'WFH', '2022-07-13 06:09:46'),
(1793, 883936, 'WFH', '2022-07-13 06:14:21'),
(1794, 890290, 'WFH', '2022-07-13 05:43:14'),
(1795, 893212, 'WFH', '2022-07-13 06:12:03'),
(1796, 904898, 'WFH', '2022-07-13 05:58:08'),
(1797, 912990, 'WFH', '2022-07-13 06:23:06'),
(1798, 915638, 'WFH', '2022-07-13 06:02:14'),
(1799, 917395, 'WFH', '2022-07-13 05:42:52'),
(1800, 917937, 'WFH', '2022-07-13 06:29:53'),
(1801, 461593, 'WFH', '2022-07-14 05:25:40'),
(1802, 474599, 'WFH', '2022-07-14 04:34:47'),
(1803, 476433, 'WFH', '2022-07-14 05:11:25'),
(1804, 477253, 'WFH', '2022-07-14 05:29:12'),
(1805, 477616, 'WFH', '2022-07-14 04:36:17'),
(1806, 478003, 'WFH', '2022-07-14 04:32:48'),
(1807, 489424, 'WFH', '2022-07-14 04:54:56'),
(1808, 491943, 'WFH', '2022-07-14 05:28:18'),
(1809, 495141, 'WFH', '2022-07-14 04:38:35'),
(1810, 499687, 'WFH', '2022-07-14 04:48:12'),
(1811, 515103, 'WFH', '2022-07-14 05:35:46'),
(1812, 524896, 'WFH', '2022-07-14 06:12:36'),
(1813, 525955, 'WFH', '2022-07-14 06:24:05'),
(1814, 528509, 'WFH', '2022-07-14 06:20:48'),
(1815, 528673, 'WFH', '2022-07-14 05:45:04'),
(1816, 533952, 'WFH', '2022-07-14 06:15:22'),
(1817, 539712, 'WFH', '2022-07-14 05:31:57'),
(1818, 560455, 'WFH', '2022-07-14 06:20:20'),
(1819, 621833, 'WFH', '2022-07-14 05:45:31'),
(1820, 622406, 'WFH', '2022-07-14 05:41:54'),
(1821, 623253, 'WFH', '2022-07-14 06:14:55'),
(1822, 623929, 'WFH', '2022-07-14 05:55:28'),
(1823, 639892, 'WFH', '2022-07-14 06:00:53'),
(1824, 677509, 'WFH', '2022-07-14 06:13:29'),
(1825, 683826, 'WFH', '2022-07-14 05:37:45'),
(1826, 687017, 'WFH', '2022-07-14 06:24:44'),
(1827, 702813, 'WFH', '2022-07-14 05:36:17'),
(1828, 704709, 'WFH', '2022-07-14 06:24:41'),
(1829, 726264, 'WFH', '2022-07-14 05:35:37'),
(1830, 732017, 'WFH', '2022-07-14 05:45:54'),
(1831, 750173, 'WFH', '2022-07-14 05:33:32'),
(1832, 758872, 'WFH', '2022-07-14 06:12:42'),
(1833, 761821, 'WFH', '2022-07-14 06:09:24'),
(1834, 765850, 'WFH', '2022-07-14 05:49:19'),
(1835, 766610, 'WFH', '2022-07-14 06:26:55'),
(1836, 802554, 'WFH', '2022-07-14 06:20:58'),
(1837, 806955, 'WFH', '2022-07-14 06:12:36'),
(1838, 818384, 'WFH', '2022-07-14 06:14:11'),
(1839, 844177, 'WFH', '2022-07-14 05:37:23'),
(1840, 867084, 'WFH', '2022-07-14 05:58:18'),
(1841, 870820, 'WFH', '2022-07-14 06:01:26'),
(1842, 879753, 'WFH', '2022-07-14 05:35:44'),
(1843, 883936, 'WFH', '2022-07-14 06:25:38'),
(1844, 890290, 'WFH', '2022-07-14 05:40:40'),
(1845, 893212, 'WFH', '2022-07-14 05:46:16'),
(1846, 904898, 'WFH', '2022-07-14 05:47:16'),
(1847, 912990, 'WFH', '2022-07-14 06:14:52'),
(1848, 915638, 'WFH', '2022-07-14 06:07:05'),
(1849, 917395, 'WFH', '2022-07-14 06:05:21'),
(1850, 917937, 'WFH', '2022-07-14 06:03:10'),
(1851, 461593, 'WFH', '2022-07-15 04:56:50'),
(1852, 474599, 'WFH', '2022-07-15 04:41:15'),
(1853, 476433, 'WFH', '2022-07-15 04:59:03'),
(1854, 477253, 'WFH', '2022-07-15 05:19:50'),
(1855, 477616, 'WFH', '2022-07-15 04:45:30'),
(1856, 478003, 'WFH', '2022-07-15 05:25:49'),
(1857, 489424, 'WFH', '2022-07-15 04:31:36'),
(1858, 491943, 'WFH', '2022-07-15 05:07:10'),
(1859, 495141, 'WFH', '2022-07-15 04:55:48'),
(1860, 499687, 'WFH', '2022-07-15 05:14:40'),
(1861, 515103, 'WFH', '2022-07-15 05:57:41'),
(1862, 524896, 'WFH', '2022-07-15 06:11:27'),
(1863, 525955, 'WFH', '2022-07-15 05:36:53'),
(1864, 528509, 'WFH', '2022-07-15 05:31:01'),
(1865, 528673, 'WFH', '2022-07-15 06:29:13'),
(1866, 533952, 'WFH', '2022-07-15 05:58:15'),
(1867, 539712, 'WFH', '2022-07-15 06:13:21'),
(1868, 560455, 'WFH', '2022-07-15 05:51:17'),
(1869, 621833, 'WFH', '2022-07-15 06:14:38'),
(1870, 622406, 'WFH', '2022-07-15 05:47:41'),
(1871, 623253, 'WFH', '2022-07-15 05:45:02'),
(1872, 623929, 'WFH', '2022-07-15 06:10:45'),
(1873, 639892, 'WFH', '2022-07-15 06:11:34'),
(1874, 677509, 'WFH', '2022-07-15 06:00:46'),
(1875, 683826, 'WFH', '2022-07-15 06:26:38'),
(1876, 687017, 'WFH', '2022-07-15 06:19:58'),
(1877, 702813, 'WFH', '2022-07-15 06:28:55'),
(1878, 704709, 'WFH', '2022-07-15 06:14:07'),
(1879, 726264, 'WFH', '2022-07-15 05:44:59'),
(1880, 732017, 'WFH', '2022-07-15 06:05:20'),
(1881, 750173, 'WFH', '2022-07-15 06:14:51'),
(1882, 758872, 'WFH', '2022-07-15 05:54:01'),
(1883, 761821, 'WFH', '2022-07-15 06:06:37'),
(1884, 765850, 'WFH', '2022-07-15 05:53:31'),
(1885, 766610, 'WFH', '2022-07-15 06:17:10'),
(1886, 802554, 'WFH', '2022-07-15 06:26:38'),
(1887, 806955, 'WFH', '2022-07-15 06:07:50'),
(1888, 818384, 'WFH', '2022-07-15 06:05:06'),
(1889, 844177, 'WFH', '2022-07-15 06:04:36'),
(1890, 867084, 'WFH', '2022-07-15 05:34:54'),
(1891, 870820, 'WFH', '2022-07-15 06:04:49'),
(1892, 879753, 'WFH', '2022-07-15 05:43:50'),
(1893, 883936, 'WFH', '2022-07-15 06:18:37'),
(1894, 890290, 'WFH', '2022-07-15 06:15:44'),
(1895, 893212, 'WFH', '2022-07-15 06:28:55'),
(1896, 904898, 'WFH', '2022-07-15 06:22:53'),
(1897, 912990, 'WFH', '2022-07-15 06:04:58'),
(1898, 915638, 'WFH', '2022-07-15 05:42:39'),
(1899, 917395, 'WFH', '2022-07-15 06:02:45'),
(1900, 917937, 'WFH', '2022-07-15 06:15:56'),
(1901, 461593, 'WFH', '2022-07-16 04:31:33'),
(1902, 474599, 'WFH', '2022-07-16 04:52:02'),
(1903, 476433, 'WFH', '2022-07-16 05:28:07'),
(1904, 477253, 'WFH', '2022-07-16 05:28:35'),
(1905, 477616, 'WFH', '2022-07-16 04:59:07'),
(1906, 478003, 'WFH', '2022-07-16 05:05:50'),
(1907, 489424, 'WFH', '2022-07-16 04:42:13'),
(1908, 491943, 'WFH', '2022-07-16 05:03:29'),
(1909, 495141, 'WFH', '2022-07-16 05:11:28'),
(1910, 499687, 'WFH', '2022-07-16 04:59:41'),
(1911, 515103, 'WFH', '2022-07-16 06:08:22'),
(1912, 524896, 'WFH', '2022-07-16 06:20:35'),
(1913, 525955, 'WFH', '2022-07-16 06:03:11'),
(1914, 528509, 'WFH', '2022-07-16 06:04:25'),
(1915, 528673, 'WFH', '2022-07-16 06:00:14'),
(1916, 533952, 'WFH', '2022-07-16 06:03:15'),
(1917, 539712, 'WFH', '2022-07-16 06:19:23'),
(1918, 560455, 'WFH', '2022-07-16 06:24:14'),
(1919, 621833, 'WFH', '2022-07-16 06:21:15'),
(1920, 622406, 'WFH', '2022-07-16 06:01:26'),
(1921, 623253, 'WFH', '2022-07-16 05:36:33'),
(1922, 623929, 'WFH', '2022-07-16 06:00:23'),
(1923, 639892, 'WFH', '2022-07-16 06:02:58'),
(1924, 677509, 'WFH', '2022-07-16 06:03:39'),
(1925, 683826, 'WFH', '2022-07-16 06:27:06'),
(1926, 687017, 'WFH', '2022-07-16 06:24:59'),
(1927, 702813, 'WFH', '2022-07-16 06:00:05'),
(1928, 704709, 'WFH', '2022-07-16 06:15:26'),
(1929, 726264, 'WFH', '2022-07-16 06:17:55'),
(1930, 732017, 'WFH', '2022-07-16 06:09:57'),
(1931, 750173, 'WFH', '2022-07-16 06:00:37'),
(1932, 758872, 'WFH', '2022-07-16 05:42:44'),
(1933, 761821, 'WFH', '2022-07-16 05:53:22'),
(1934, 765850, 'WFH', '2022-07-16 06:27:36'),
(1935, 766610, 'WFH', '2022-07-16 05:41:24'),
(1936, 802554, 'WFH', '2022-07-16 06:19:17'),
(1937, 806955, 'WFH', '2022-07-16 05:40:14'),
(1938, 818384, 'WFH', '2022-07-16 05:38:42'),
(1939, 844177, 'WFH', '2022-07-16 05:48:15'),
(1940, 867084, 'WFH', '2022-07-16 06:25:51'),
(1941, 870820, 'WFH', '2022-07-16 06:26:01'),
(1942, 879753, 'WFH', '2022-07-16 05:59:46'),
(1943, 883936, 'WFH', '2022-07-16 05:43:01'),
(1944, 890290, 'WFH', '2022-07-16 06:04:08'),
(1945, 893212, 'WFH', '2022-07-16 05:42:08'),
(1946, 904898, 'WFH', '2022-07-16 05:41:12'),
(1947, 912990, 'WFH', '2022-07-16 06:29:49'),
(1948, 915638, 'WFH', '2022-07-16 05:34:35'),
(1949, 917395, 'WFH', '2022-07-16 06:13:51'),
(1950, 917937, 'WFH', '2022-07-16 05:41:48'),
(1951, 461593, 'WFH', '2022-07-17 04:52:53'),
(1952, 474599, 'WFH', '2022-07-17 04:43:05'),
(1953, 476433, 'WFH', '2022-07-17 04:54:43'),
(1954, 477253, 'WFH', '2022-07-17 04:43:17'),
(1955, 477616, 'WFH', '2022-07-17 04:35:29'),
(1956, 478003, 'WFH', '2022-07-17 05:26:11'),
(1957, 489424, 'WFH', '2022-07-17 05:17:44'),
(1958, 491943, 'WFH', '2022-07-17 05:23:27'),
(1959, 495141, 'WFH', '2022-07-17 04:39:24'),
(1960, 499687, 'WFH', '2022-07-17 04:42:44'),
(1961, 515103, 'WFH', '2022-07-17 06:28:41'),
(1962, 524896, 'WFH', '2022-07-17 05:35:55'),
(1963, 525955, 'WFH', '2022-07-17 05:40:37'),
(1964, 528509, 'WFH', '2022-07-17 06:05:34'),
(1965, 528673, 'WFH', '2022-07-17 06:07:23'),
(1966, 533952, 'WFH', '2022-07-17 05:45:34'),
(1967, 539712, 'WFH', '2022-07-17 06:11:15'),
(1968, 560455, 'WFH', '2022-07-17 06:00:44'),
(1969, 621833, 'WFH', '2022-07-17 05:59:22'),
(1970, 622406, 'WFH', '2022-07-17 05:31:53'),
(1971, 623253, 'WFH', '2022-07-17 06:26:48'),
(1972, 623929, 'WFH', '2022-07-17 06:21:07'),
(1973, 639892, 'WFH', '2022-07-17 06:22:52'),
(1974, 677509, 'WFH', '2022-07-17 06:01:49'),
(1975, 683826, 'WFH', '2022-07-17 05:41:58'),
(1976, 687017, 'WFH', '2022-07-17 05:56:33'),
(1977, 702813, 'WFH', '2022-07-17 05:31:35'),
(1978, 704709, 'WFH', '2022-07-17 06:12:47'),
(1979, 726264, 'WFH', '2022-07-17 06:23:27'),
(1980, 732017, 'WFH', '2022-07-17 05:40:19'),
(1981, 750173, 'WFH', '2022-07-17 05:48:33'),
(1982, 758872, 'WFH', '2022-07-17 05:56:57'),
(1983, 761821, 'WFH', '2022-07-17 05:37:44'),
(1984, 765850, 'WFH', '2022-07-17 05:33:49'),
(1985, 766610, 'WFH', '2022-07-17 06:13:10'),
(1986, 802554, 'WFH', '2022-07-17 05:43:02'),
(1987, 806955, 'WFH', '2022-07-17 05:55:30'),
(1988, 818384, 'WFH', '2022-07-17 06:17:01'),
(1989, 844177, 'WFH', '2022-07-17 06:14:13'),
(1990, 867084, 'WFH', '2022-07-17 06:04:10'),
(1991, 870820, 'WFH', '2022-07-17 05:45:15'),
(1992, 879753, 'WFH', '2022-07-17 06:26:54'),
(1993, 883936, 'WFH', '2022-07-17 05:48:08'),
(1994, 890290, 'WFH', '2022-07-17 06:18:16'),
(1995, 893212, 'WFH', '2022-07-17 05:34:54'),
(1996, 904898, 'WFH', '2022-07-17 05:57:20'),
(1997, 912990, 'WFH', '2022-07-17 06:11:56'),
(1998, 915638, 'WFH', '2022-07-17 05:46:50'),
(1999, 917395, 'WFH', '2022-07-17 05:43:03'),
(2000, 917937, 'WFH', '2022-07-17 05:49:42'),
(2001, 461593, 'WFH', '2022-07-18 04:55:23'),
(2002, 474599, 'WFH', '2022-07-18 04:38:18'),
(2003, 476433, 'WFH', '2022-07-18 05:25:28'),
(2004, 477253, 'WFH', '2022-07-18 04:38:39'),
(2005, 477616, 'WFH', '2022-07-18 04:52:03'),
(2006, 478003, 'WFH', '2022-07-18 04:36:42'),
(2007, 489424, 'WFH', '2022-07-18 05:20:19'),
(2008, 491943, 'WFH', '2022-07-18 04:39:10'),
(2009, 495141, 'WFH', '2022-07-18 04:35:31'),
(2010, 499687, 'WFH', '2022-07-18 05:07:06'),
(2011, 515103, 'WFH', '2022-07-18 05:40:45'),
(2012, 524896, 'WFH', '2022-07-18 06:22:49'),
(2013, 525955, 'WFH', '2022-07-18 05:52:05'),
(2014, 528509, 'WFH', '2022-07-18 05:46:07'),
(2015, 528673, 'WFH', '2022-07-18 06:00:49'),
(2016, 533952, 'WFH', '2022-07-18 05:49:59'),
(2017, 539712, 'WFH', '2022-07-18 06:17:33'),
(2018, 560455, 'WFH', '2022-07-18 06:19:09'),
(2019, 621833, 'WFH', '2022-07-18 05:38:35'),
(2020, 622406, 'WFH', '2022-07-18 05:51:29'),
(2021, 623253, 'WFH', '2022-07-18 06:25:26'),
(2022, 623929, 'WFH', '2022-07-18 06:07:51'),
(2023, 639892, 'WFH', '2022-07-18 05:54:15'),
(2024, 677509, 'WFH', '2022-07-18 05:49:24'),
(2025, 683826, 'WFH', '2022-07-18 05:57:58'),
(2026, 687017, 'WFH', '2022-07-18 05:48:03'),
(2027, 702813, 'WFH', '2022-07-18 06:13:30'),
(2028, 704709, 'WFH', '2022-07-18 05:41:53'),
(2029, 726264, 'WFH', '2022-07-18 05:55:42'),
(2030, 732017, 'WFH', '2022-07-18 05:55:51'),
(2031, 750173, 'WFH', '2022-07-18 06:25:12'),
(2032, 758872, 'WFH', '2022-07-18 06:18:32'),
(2033, 761821, 'WFH', '2022-07-18 05:55:13'),
(2034, 765850, 'WFH', '2022-07-18 06:13:42'),
(2035, 766610, 'WFH', '2022-07-18 05:55:04'),
(2036, 802554, 'WFH', '2022-07-18 06:29:23'),
(2037, 806955, 'WFH', '2022-07-18 06:12:57'),
(2038, 818384, 'WFH', '2022-07-18 05:47:29'),
(2039, 844177, 'WFH', '2022-07-18 06:09:27'),
(2040, 867084, 'WFH', '2022-07-18 06:26:19'),
(2041, 870820, 'WFH', '2022-07-18 06:10:56'),
(2042, 879753, 'WFH', '2022-07-18 05:58:26'),
(2043, 883936, 'WFH', '2022-07-18 06:24:41'),
(2044, 890290, 'WFH', '2022-07-18 05:59:46'),
(2045, 893212, 'WFH', '2022-07-18 05:58:29'),
(2046, 904898, 'WFH', '2022-07-18 06:22:24'),
(2047, 912990, 'WFH', '2022-07-18 06:16:27'),
(2048, 915638, 'WFH', '2022-07-18 05:56:08'),
(2049, 917395, 'WFH', '2022-07-18 06:14:02'),
(2050, 917937, 'WFH', '2022-07-18 06:05:22'),
(2051, 461593, 'WFH', '2022-07-19 05:28:31'),
(2052, 474599, 'WFH', '2022-07-19 04:32:31'),
(2053, 476433, 'WFH', '2022-07-19 05:29:26'),
(2054, 477253, 'WFH', '2022-07-19 05:10:19'),
(2055, 477616, 'WFH', '2022-07-19 04:40:50'),
(2056, 478003, 'WFH', '2022-07-19 04:31:21'),
(2057, 489424, 'WFH', '2022-07-19 05:20:07'),
(2058, 491943, 'WFH', '2022-07-19 05:06:04'),
(2059, 495141, 'WFH', '2022-07-19 05:03:08'),
(2060, 499687, 'WFH', '2022-07-19 04:59:27'),
(2061, 515103, 'WFH', '2022-07-19 05:53:16'),
(2062, 524896, 'WFH', '2022-07-19 05:41:35'),
(2063, 525955, 'WFH', '2022-07-19 06:07:08'),
(2064, 528509, 'WFH', '2022-07-19 05:36:34'),
(2065, 528673, 'WFH', '2022-07-19 06:24:23'),
(2066, 533952, 'WFH', '2022-07-19 05:45:02'),
(2067, 539712, 'WFH', '2022-07-19 05:53:33'),
(2068, 560455, 'WFH', '2022-07-19 05:48:35'),
(2069, 621833, 'WFH', '2022-07-19 06:29:49'),
(2070, 622406, 'WFH', '2022-07-19 06:07:44'),
(2071, 623253, 'WFH', '2022-07-19 05:54:14'),
(2072, 623929, 'WFH', '2022-07-19 05:32:05'),
(2073, 639892, 'WFH', '2022-07-19 06:29:28'),
(2074, 677509, 'WFH', '2022-07-19 05:52:28'),
(2075, 683826, 'WFH', '2022-07-19 05:47:34'),
(2076, 687017, 'WFH', '2022-07-19 06:17:02'),
(2077, 702813, 'WFH', '2022-07-19 06:23:14'),
(2078, 704709, 'WFH', '2022-07-19 05:57:01'),
(2079, 726264, 'WFH', '2022-07-19 06:28:03'),
(2080, 732017, 'WFH', '2022-07-19 05:35:12'),
(2081, 750173, 'WFH', '2022-07-19 06:18:12'),
(2082, 758872, 'WFH', '2022-07-19 05:41:55'),
(2083, 761821, 'WFH', '2022-07-19 06:29:42'),
(2084, 765850, 'WFH', '2022-07-19 06:27:04'),
(2085, 766610, 'WFH', '2022-07-19 06:17:03'),
(2086, 802554, 'WFH', '2022-07-19 06:17:23'),
(2087, 806955, 'WFH', '2022-07-19 06:28:50'),
(2088, 818384, 'WFH', '2022-07-19 06:10:54'),
(2089, 844177, 'WFH', '2022-07-19 05:48:28'),
(2090, 867084, 'WFH', '2022-07-19 05:42:27'),
(2091, 870820, 'WFH', '2022-07-19 05:33:41'),
(2092, 879753, 'WFH', '2022-07-19 05:39:45'),
(2093, 883936, 'WFH', '2022-07-19 05:58:09'),
(2094, 890290, 'WFH', '2022-07-19 06:09:37'),
(2095, 893212, 'WFH', '2022-07-19 06:24:48'),
(2096, 904898, 'WFH', '2022-07-19 06:25:53'),
(2097, 912990, 'WFH', '2022-07-19 05:58:36'),
(2098, 915638, 'WFH', '2022-07-19 05:40:17'),
(2099, 917395, 'WFH', '2022-07-19 06:01:10'),
(2100, 917937, 'WFH', '2022-07-19 06:14:32'),
(2101, 461593, 'WFH', '2022-07-20 04:49:29'),
(2102, 474599, 'WFH', '2022-07-20 04:37:21'),
(2103, 476433, 'WFH', '2022-07-20 04:58:04'),
(2104, 477253, 'WFH', '2022-07-20 05:13:10'),
(2105, 477616, 'WFH', '2022-07-20 04:50:49'),
(2106, 478003, 'WFH', '2022-07-20 04:48:34'),
(2107, 489424, 'WFH', '2022-07-20 05:29:57'),
(2108, 491943, 'WFH', '2022-07-20 05:03:24'),
(2109, 495141, 'WFH', '2022-07-20 05:21:45'),
(2110, 499687, 'WFH', '2022-07-20 05:03:22'),
(2111, 515103, 'WFH', '2022-07-20 05:57:44'),
(2112, 524896, 'WFH', '2022-07-20 06:12:01'),
(2113, 525955, 'WFH', '2022-07-20 06:02:54'),
(2114, 528509, 'WFH', '2022-07-20 06:27:32'),
(2115, 528673, 'WFH', '2022-07-20 06:03:26'),
(2116, 533952, 'WFH', '2022-07-20 05:39:47'),
(2117, 539712, 'WFH', '2022-07-20 06:26:03'),
(2118, 560455, 'WFH', '2022-07-20 05:43:56'),
(2119, 621833, 'WFH', '2022-07-20 05:46:01'),
(2120, 622406, 'WFH', '2022-07-20 05:38:15'),
(2121, 623253, 'WFH', '2022-07-20 05:41:22'),
(2122, 623929, 'WFH', '2022-07-20 06:09:24'),
(2123, 639892, 'WFH', '2022-07-20 05:33:57'),
(2124, 677509, 'WFH', '2022-07-20 06:11:50'),
(2125, 683826, 'WFH', '2022-07-20 05:31:48'),
(2126, 687017, 'WFH', '2022-07-20 05:36:57'),
(2127, 702813, 'WFH', '2022-07-20 05:48:47'),
(2128, 704709, 'WFH', '2022-07-20 06:18:33'),
(2129, 726264, 'WFH', '2022-07-20 05:36:17'),
(2130, 732017, 'WFH', '2022-07-20 05:53:23'),
(2131, 750173, 'WFH', '2022-07-20 06:06:11'),
(2132, 758872, 'WFH', '2022-07-20 06:28:49'),
(2133, 761821, 'WFH', '2022-07-20 05:54:27'),
(2134, 765850, 'WFH', '2022-07-20 06:04:33'),
(2135, 766610, 'WFH', '2022-07-20 05:53:40'),
(2136, 802554, 'WFH', '2022-07-20 06:18:50'),
(2137, 806955, 'WFH', '2022-07-20 05:34:04'),
(2138, 818384, 'WFH', '2022-07-20 05:37:12'),
(2139, 844177, 'WFH', '2022-07-20 05:55:03'),
(2140, 867084, 'WFH', '2022-07-20 05:42:04'),
(2141, 870820, 'WFH', '2022-07-20 05:45:06'),
(2142, 879753, 'WFH', '2022-07-20 05:47:34'),
(2143, 883936, 'WFH', '2022-07-20 06:22:41'),
(2144, 890290, 'WFH', '2022-07-20 05:41:20'),
(2145, 893212, 'WFH', '2022-07-20 05:34:17'),
(2146, 904898, 'WFH', '2022-07-20 05:43:27'),
(2147, 912990, 'WFH', '2022-07-20 05:35:31'),
(2148, 915638, 'WFH', '2022-07-20 05:48:13'),
(2149, 917395, 'WFH', '2022-07-20 06:19:30'),
(2150, 917937, 'WFH', '2022-07-20 05:48:30'),
(2151, 461593, 'WFH', '2022-07-21 05:18:47'),
(2152, 474599, 'WFH', '2022-07-21 05:06:32'),
(2153, 476433, 'WFH', '2022-07-21 04:57:01'),
(2154, 477253, 'WFH', '2022-07-21 05:14:27'),
(2155, 477616, 'WFH', '2022-07-21 04:43:42'),
(2156, 478003, 'WFH', '2022-07-21 04:59:38'),
(2157, 489424, 'WFH', '2022-07-21 05:10:16'),
(2158, 491943, 'WFH', '2022-07-21 04:55:44'),
(2159, 495141, 'WFH', '2022-07-21 05:13:56'),
(2160, 499687, 'WFH', '2022-07-21 04:42:35'),
(2161, 515103, 'WFH', '2022-07-21 05:44:55'),
(2162, 524896, 'WFH', '2022-07-21 05:47:01'),
(2163, 525955, 'WFH', '2022-07-21 06:01:17'),
(2164, 528509, 'WFH', '2022-07-21 06:04:23'),
(2165, 528673, 'WFH', '2022-07-21 05:57:08'),
(2166, 533952, 'WFH', '2022-07-21 06:00:19'),
(2167, 539712, 'WFH', '2022-07-21 06:14:33'),
(2168, 560455, 'WFH', '2022-07-21 05:59:23'),
(2169, 621833, 'WFH', '2022-07-21 06:12:01'),
(2170, 622406, 'WFH', '2022-07-21 06:17:47'),
(2171, 623253, 'WFH', '2022-07-21 05:31:21'),
(2172, 623929, 'WFH', '2022-07-21 06:05:17'),
(2173, 639892, 'WFH', '2022-07-21 06:01:09'),
(2174, 677509, 'WFH', '2022-07-21 06:16:58'),
(2175, 683826, 'WFH', '2022-07-21 06:07:31'),
(2176, 687017, 'WFH', '2022-07-21 05:52:14'),
(2177, 702813, 'WFH', '2022-07-21 05:38:48'),
(2178, 704709, 'WFH', '2022-07-21 05:53:30'),
(2179, 726264, 'WFH', '2022-07-21 06:27:19'),
(2180, 732017, 'WFH', '2022-07-21 06:09:43'),
(2181, 750173, 'WFH', '2022-07-21 06:22:52'),
(2182, 758872, 'WFH', '2022-07-21 06:21:29'),
(2183, 761821, 'WFH', '2022-07-21 06:02:17'),
(2184, 765850, 'WFH', '2022-07-21 05:37:50'),
(2185, 766610, 'WFH', '2022-07-21 06:13:45'),
(2186, 802554, 'WFH', '2022-07-21 05:38:52'),
(2187, 806955, 'WFH', '2022-07-21 06:20:18'),
(2188, 818384, 'WFH', '2022-07-21 05:31:48'),
(2189, 844177, 'WFH', '2022-07-21 05:38:37'),
(2190, 867084, 'WFH', '2022-07-21 05:51:05'),
(2191, 870820, 'WFH', '2022-07-21 06:08:23'),
(2192, 879753, 'WFH', '2022-07-21 05:45:08'),
(2193, 883936, 'WFH', '2022-07-21 06:11:36'),
(2194, 890290, 'WFH', '2022-07-21 06:20:26'),
(2195, 893212, 'WFH', '2022-07-21 05:32:52'),
(2196, 904898, 'WFH', '2022-07-21 06:19:55'),
(2197, 912990, 'WFH', '2022-07-21 05:48:17'),
(2198, 915638, 'WFH', '2022-07-21 06:08:57'),
(2199, 917395, 'WFH', '2022-07-21 06:01:55'),
(2200, 917937, 'WFH', '2022-07-21 05:32:31'),
(2201, 461593, 'WFH', '2022-07-22 04:47:24'),
(2202, 474599, 'WFH', '2022-07-22 05:06:31'),
(2203, 476433, 'WFH', '2022-07-22 04:56:44'),
(2204, 477253, 'WFH', '2022-07-22 04:36:58'),
(2205, 477616, 'WFH', '2022-07-22 04:48:48'),
(2206, 478003, 'WFH', '2022-07-22 04:34:53'),
(2207, 489424, 'WFH', '2022-07-22 04:58:44'),
(2208, 491943, 'WFH', '2022-07-22 04:35:06'),
(2209, 495141, 'WFH', '2022-07-22 05:22:59'),
(2210, 499687, 'WFH', '2022-07-22 05:04:44'),
(2211, 515103, 'WFH', '2022-07-22 05:33:57'),
(2212, 524896, 'WFH', '2022-07-22 05:54:22'),
(2213, 525955, 'WFH', '2022-07-22 06:18:53'),
(2214, 528509, 'WFH', '2022-07-22 06:12:12'),
(2215, 528673, 'WFH', '2022-07-22 05:48:18'),
(2216, 533952, 'WFH', '2022-07-22 06:24:10'),
(2217, 539712, 'WFH', '2022-07-22 06:28:41'),
(2218, 560455, 'WFH', '2022-07-22 06:07:24'),
(2219, 621833, 'WFH', '2022-07-22 05:50:51'),
(2220, 622406, 'WFH', '2022-07-22 06:10:38'),
(2221, 623253, 'WFH', '2022-07-22 06:24:22'),
(2222, 623929, 'WFH', '2022-07-22 05:52:41'),
(2223, 639892, 'WFH', '2022-07-22 05:42:43'),
(2224, 677509, 'WFH', '2022-07-22 05:48:38'),
(2225, 683826, 'WFH', '2022-07-22 05:31:01'),
(2226, 687017, 'WFH', '2022-07-22 06:02:59'),
(2227, 702813, 'WFH', '2022-07-22 06:13:36'),
(2228, 704709, 'WFH', '2022-07-22 06:24:33'),
(2229, 726264, 'WFH', '2022-07-22 05:32:42'),
(2230, 732017, 'WFH', '2022-07-22 06:11:35'),
(2231, 750173, 'WFH', '2022-07-22 05:42:06'),
(2232, 758872, 'WFH', '2022-07-22 05:54:09'),
(2233, 761821, 'WFH', '2022-07-22 06:14:42'),
(2234, 765850, 'WFH', '2022-07-22 06:09:09'),
(2235, 766610, 'WFH', '2022-07-22 05:54:15'),
(2236, 802554, 'WFH', '2022-07-22 06:14:14'),
(2237, 806955, 'WFH', '2022-07-22 05:55:53'),
(2238, 818384, 'WFH', '2022-07-22 06:24:36'),
(2239, 844177, 'WFH', '2022-07-22 06:18:10'),
(2240, 867084, 'WFH', '2022-07-22 06:05:40'),
(2241, 870820, 'WFH', '2022-07-22 05:49:15'),
(2242, 879753, 'WFH', '2022-07-22 06:11:58'),
(2243, 883936, 'WFH', '2022-07-22 06:17:53'),
(2244, 890290, 'WFH', '2022-07-22 05:44:35'),
(2245, 893212, 'WFH', '2022-07-22 05:42:41'),
(2246, 904898, 'WFH', '2022-07-22 05:56:32'),
(2247, 912990, 'WFH', '2022-07-22 06:08:34'),
(2248, 915638, 'WFH', '2022-07-22 06:14:56'),
(2249, 917395, 'WFH', '2022-07-22 06:24:09'),
(2250, 917937, 'WFH', '2022-07-22 05:41:33'),
(2251, 461593, 'WFH', '2022-07-23 04:32:32'),
(2252, 474599, 'WFH', '2022-07-23 05:08:07'),
(2253, 476433, 'WFH', '2022-07-23 05:16:53'),
(2254, 477253, 'WFH', '2022-07-23 04:32:59'),
(2255, 477616, 'WFH', '2022-07-23 04:55:55'),
(2256, 478003, 'WFH', '2022-07-23 04:59:31'),
(2257, 489424, 'WFH', '2022-07-23 05:10:48'),
(2258, 491943, 'WFH', '2022-07-23 05:19:16'),
(2259, 495141, 'WFH', '2022-07-23 05:08:56'),
(2260, 499687, 'WFH', '2022-07-23 05:05:23'),
(2261, 515103, 'WFH', '2022-07-23 05:56:31'),
(2262, 524896, 'WFH', '2022-07-23 06:02:31'),
(2263, 525955, 'WFH', '2022-07-23 05:52:59'),
(2264, 528509, 'WFH', '2022-07-23 06:07:52'),
(2265, 528673, 'WFH', '2022-07-23 06:16:42'),
(2266, 533952, 'WFH', '2022-07-23 05:45:18'),
(2267, 539712, 'WFH', '2022-07-23 05:37:13'),
(2268, 560455, 'WFH', '2022-07-23 05:54:40'),
(2269, 621833, 'WFH', '2022-07-23 06:21:22'),
(2270, 622406, 'WFH', '2022-07-23 05:42:50'),
(2271, 623253, 'WFH', '2022-07-23 06:25:34'),
(2272, 623929, 'WFH', '2022-07-23 06:15:43'),
(2273, 639892, 'WFH', '2022-07-23 06:12:12'),
(2274, 677509, 'WFH', '2022-07-23 05:33:08'),
(2275, 683826, 'WFH', '2022-07-23 05:51:59'),
(2276, 687017, 'WFH', '2022-07-23 06:27:31'),
(2277, 702813, 'WFH', '2022-07-23 05:39:15'),
(2278, 704709, 'WFH', '2022-07-23 05:56:46'),
(2279, 726264, 'WFH', '2022-07-23 06:06:50'),
(2280, 732017, 'WFH', '2022-07-23 05:50:34'),
(2281, 750173, 'WFH', '2022-07-23 06:28:47'),
(2282, 758872, 'WFH', '2022-07-23 06:03:38'),
(2283, 761821, 'WFH', '2022-07-23 05:41:37'),
(2284, 765850, 'WFH', '2022-07-23 06:04:50'),
(2285, 766610, 'WFH', '2022-07-23 05:34:17'),
(2286, 802554, 'WFH', '2022-07-23 06:18:30'),
(2287, 806955, 'WFH', '2022-07-23 05:35:21'),
(2288, 818384, 'WFH', '2022-07-23 05:38:02'),
(2289, 844177, 'WFH', '2022-07-23 06:06:13'),
(2290, 867084, 'WFH', '2022-07-23 05:39:22'),
(2291, 870820, 'WFH', '2022-07-23 05:43:34'),
(2292, 879753, 'WFH', '2022-07-23 05:52:03'),
(2293, 883936, 'WFH', '2022-07-23 06:01:22');
INSERT INTO `attendance` (`id`, `emp_id`, `status`, `created_at`) VALUES
(2294, 890290, 'WFH', '2022-07-23 06:29:29'),
(2295, 893212, 'WFH', '2022-07-23 06:05:10'),
(2296, 904898, 'WFH', '2022-07-23 06:26:09'),
(2297, 912990, 'WFH', '2022-07-23 06:11:36'),
(2298, 915638, 'WFH', '2022-07-23 05:35:58'),
(2299, 917395, 'WFH', '2022-07-23 06:28:53'),
(2300, 917937, 'WFH', '2022-07-23 05:53:10');

-- --------------------------------------------------------

--
-- Table structure for table `departments`
--

CREATE TABLE `departments` (
  `id` int NOT NULL,
  `department_name` varchar(100) NOT NULL,
  `color` varchar(255) NOT NULL
) ENGINE=InnoDB DEFAULT CHARSET=utf8mb4 COLLATE=utf8mb4_0900_ai_ci;

--
-- Dumping data for table `departments`
--

INSERT INTO `departments` (`id`, `department_name`, `color`) VALUES
(1, 'Sales', '#f700b4'),
(2, 'HR', '#87fe6a'),
(3, 'Finance', '#f0fc49'),
(4, 'Admin', '#151578'),
(5, 'IT', '#157874');

-- --------------------------------------------------------

--
-- Table structure for table `employees`
--

CREATE TABLE `employees` (
  `emp_id` int NOT NULL,
  `name_prefix` varchar(10) NOT NULL,
  `first_name` varchar(255) NOT NULL,
  `middle_initial` varchar(255) NOT NULL,
  `last_name` varchar(255) NOT NULL,
  `gender` varchar(10) NOT NULL,
  `email` varchar(255) NOT NULL,
  `dob` varchar(30) NOT NULL,
  `doj` varchar(30) NOT NULL,
  `salary` decimal(10,0) NOT NULL,
  `phone_no` double NOT NULL,
  `place_name` varchar(255) NOT NULL,
  `country` varchar(100) NOT NULL,
  `city` varchar(100) NOT NULL,
  `state` varchar(100) NOT NULL,
  `zip` int NOT NULL,
  `region` varchar(30) NOT NULL,
  `user_name` varchar(255) NOT NULL,
  `password` varchar(255) NOT NULL,
  `role` tinyint NOT NULL,
  `dept_id` tinyint NOT NULL
) ENGINE=InnoDB DEFAULT CHARSET=utf8mb4 COLLATE=utf8mb4_0900_ai_ci;

--
-- Dumping data for table `employees`
--

INSERT INTO `employees` (`emp_id`, `name_prefix`, `first_name`, `middle_initial`, `last_name`, `gender`, `email`, `dob`, `doj`, `salary`, `phone_no`, `place_name`, `country`, `city`, `state`, `zip`, `region`, `user_name`, `password`, `role`, `dept_id`) VALUES
(134841, 'Ms.', 'Donna', 'R', 'Brown', 'F', 'donna.brown@aol.com', '9/14/1983', '7/17/2013', '129836', 2124347910, 'Lima', 'Livingston', 'Lima', 'NY', 14485, 'Northeast', 'admin', 'e10adc3949ba59abbe56e057f20f883e', 1, 1),
(153989, 'Prof.', 'Jack', 'C', 'Alexander', 'M', 'jack.alexander@gmail.com', '5/19/1995', '1/5/2017', '82965', 7026033769, 'Las Vegas', 'Clark', 'Las Vegas', 'NV', 89170, 'West', 'jcalexander', '9L*-O1U.9mSUSh', 1, 1),
(158666, 'Ms.', 'Rebecca', 'A', 'Stewart', 'F', 'rebecca.stewart@gmail.com', '8/11/1961', '4/10/1983', '160043', 2092337631, 'Independence', 'Inyo', 'Independence', 'CA', 93526, 'West', 'rastewart', '7ONuh3Zi^z#32r', 1, 1),
(162402, 'Hon.', 'Diana', 'T', 'Peterson', 'F', 'diana.peterson@hotmail.co.uk', '11/13/1987', '2/17/2014', '43010', 4797835656, 'Eureka Springs', 'Carroll', 'Eureka Springs', 'AR', 72632, 'South', 'dtpeterson', '3o8>v&tYxjyEAo', 1, 1),
(183071, 'Drs.', 'Andrea', 'P', 'Garcia', 'F', 'andrea.garcia@aol.com', '7/6/1985', '4/18/2010', '54179', 2196243708, 'Granger', 'St. Joseph', 'Granger', 'IN', 46530, 'Midwest', 'apgarcia', 'eI!^kXR]Q^V+', 1, 1),
(185032, 'Mr.', 'Eugene', 'D', 'Perez', 'M', 'eugene.perez@exxonmobil.com', '10/6/1979', '12/8/2014', '122950', 2624727112, 'Racine', 'Racine', 'Racine', 'WI', 53490, 'Midwest', 'edperez', 'g]SJn<W_/#', 1, 1),
(193819, 'Mr.', 'Benjamin', 'R', 'Russell', 'M', 'benjamin.russell@charter.net', '4/17/1977', '7/25/2013', '117642', 2624042252, 'Fremont', 'Waupaca', 'Fremont', 'WI', 54940, 'Midwest', 'brrussell', 'Rd<Y8cp!@R', 1, 1),
(212893, 'Ms.', 'Janet', 'Y', 'Henderson', 'F', 'janet.henderson@ntlworld.com', '12/24/1979', '12/18/2012', '114481', 2397696347, 'Miami', 'Miami-Dade', 'Miami', 'FL', 33166, 'South', 'jyhenderson', 'g-oCs-L/za', 1, 1),
(214352, 'Ms.', 'Theresa', 'G', 'Lee', 'F', 'theresa.lee@gmail.com', '12/5/1992', '1/19/2015', '197537', 3195538919, 'Toeterville', 'Mitchell', 'Toeterville', 'IA', 50481, 'Midwest', 'tglee', 'JS#hN&Xij\\%QEr', 1, 1),
(218791, 'Mr.', 'Aaron', 'N', 'Price', 'M', 'aaron.price@bp.com', '2/10/1969', '7/3/1997', '54402', 2192878926, 'Eckerty', 'Crawford', 'Eckerty', 'IN', 47116, 'Midwest', 'anprice', 'uKxgV4uO&k@', 1, 1),
(225925, 'Mr.', 'Paul', 'D', 'Cooper', 'M', 'paul.cooper@gmail.com', '8/12/1991', '9/8/2014', '73526', 2109844722, 'Glidden', 'Colorado', 'Glidden', 'TX', 78943, 'South', 'pdcooper', 'hW%ZbJ\\fZ-', 2, 1),
(226714, 'Drs.', 'Nancy', 'L', 'Davis', 'F', 'nancy.davis@ibm.com', '11/14/1983', '8/25/2012', '94986', 2196103067, 'Bowling Green', 'Clay', 'Bowling Green', 'IN', 47833, 'Midwest', 'nldavis', 'bv-KfTutT?0*pm', 2, 1),
(227922, 'Hon.', 'Amanda', 'M', 'Hughes', 'F', 'amanda.hughes@rediffmail.com', '7/29/1982', '4/19/2007', '114257', 2255449700, 'Lake Charles', 'Calcasieu', 'Lake Charles', 'LA', 70605, 'South', 'amhughes', 'B2N>J{_k7]F', 2, 1),
(231469, 'Mr.', 'Ralph', 'L', 'Flores', 'M', 'ralph.flores@yahoo.com', '2/5/1975', '4/14/2009', '118457', 3162802864, 'Sabetha', 'Nemaha', 'Sabetha', 'KS', 66534, 'Midwest', 'rlflores', '7tP\\LrSr}\\qTqj', 2, 1),
(241882, 'Ms.', 'Debra', 'G', 'Wood', 'F', 'debra.wood@hotmail.com', '10/30/1969', '1/10/1991', '84318', 3086466219, 'Blair', 'Washington', 'Blair', 'NE', 68009, 'Midwest', 'dgwood', 'iO8B@*yA*mG6b9o', 2, 1),
(247137, 'Mr.', 'Alan', 'E', 'Rivera', 'M', 'alan.rivera@apple.com', '12/11/1978', '6/7/2006', '154810', 4232776819, 'Knoxville', 'Knox', 'Knoxville', 'TN', 37901, 'South', 'aerivera', 'rSuD~3HS*{S', 2, 1),
(253573, 'Ms.', 'Sharon', 'E', 'Lopez', 'F', 'sharon.lopez@gmail.com', '5/4/1991', '3/7/2014', '190139', 3049345548, 'Bartley', 'McDowell', 'Bartley', 'WV', 24813, 'South', 'selopez', 'GsP~S?FYY', 2, 1),
(262382, 'Ms.', 'Cheryl', 'O', 'Miller', 'F', 'cheryl.miller@ntlworld.com', '4/20/1985', '7/30/2007', '64143', 2708803858, 'Bays', 'Breathitt', 'Bays', 'KY', 41310, 'South', 'comiller', 'Nr-t/.^cWBO', 2, 1),
(263480, 'Hon.', 'Daniel', 'K', 'Cooper', 'M', 'daniel.cooper@yahoo.com', '1/1/1990', '3/6/2014', '153790', 7015108162, 'Manning', 'Dunn', 'Manning', 'ND', 58642, 'Midwest', 'dkcooper', 'd8p{Pwx2fsW0-Z', 2, 1),
(265813, 'Hon.', 'Jack', 'E', 'Campbell', 'M', 'jack.campbell@gmail.com', '1/4/1985', '7/29/2007', '186280', 3164995737, 'Kalvesta', 'Kalvesta', '', 'KS', 67856, 'Midwest', 'jecampbell', 'rh\\N>WRr4hl~l', 2, 1),
(278556, 'Prof.', 'Richard', 'Y', 'Mitchell', 'M', 'richard.mitchell@verizon.net', '7/28/1993', '8/18/2016', '122226', 2056215884, 'Ohatchee', 'Calhoun', 'Ohatchee', 'AL', 36271, 'South', 'rymitchell', 'RWeXJPOi:KpX<Rn', 2, 3),
(293459, 'Mr.', 'Steven', 'J', 'Phillips', 'M', 'steven.phillips@hotmail.com', '9/12/1986', '3/27/2015', '90108', 2259685952, 'Baton Rouge', 'East Baton Rouge', 'Baton Rouge', 'LA', 70833, 'South', 'sjphillips', 'ht}X55$P&g1', 2, 2),
(301576, 'Hon.', 'Wayne', 'G', 'Watson', 'M', 'wayne.watson@gmail.com', '6/26/1996', '7/19/2017', '92758', 7012319370, 'Maida', 'Cavalier', 'Maida', 'ND', 58255, 'Midwest', 'wgwatson', 'wM4J{]&j\\-eGc', 2, 2),
(316110, 'Mr.', 'Jeremy', 'I', 'Sanchez', 'M', 'jeremy.sanchez@hotmail.com', '2/5/1965', '4/2/2006', '178847', 4239742755, 'Alcoa', 'Blount', 'Alcoa', 'TN', 37701, 'South', 'jisanchez', 'Yg#Z+:CDwDV<*xZ', 2, 2),
(325319, 'Hon.', 'Carolyn', 'F', 'Price', 'F', 'carolyn.price@yahoo.com', '5/30/1976', '11/5/2014', '48736', 2174094338, 'Wheaton', 'DuPage', 'Wheaton', 'IL', 60189, 'Midwest', 'cfprice', 'K*$u@MAoH', 2, 2),
(329752, 'Hon.', 'Lillian', 'X', 'Brown', 'F', 'lillian.brown@aol.com', '5/12/1981', '4/13/2015', '67251', 2398129041, 'Panacea', 'Wakulla', 'Panacea', 'FL', 32346, 'South', 'lxbrown', 'CG-M5~z:', 2, 2),
(333476, 'Hon.', 'Mary', 'P', 'Wilson', 'F', 'mary.wilson@sbcglobal.net', '12/1/1967', '12/22/1991', '109394', 4239378660, 'Nashville', 'Davidson', 'Nashville', 'TN', 37219, 'South', 'mpwilson', 'Pwl&W:|<_', 2, 2),
(335732, 'Ms.', 'Brenda', 'M', 'Butler', 'F', 'brenda.butler@gmail.com', '12/6/1963', '8/20/1987', '60508', 4808148284, 'Mesa', 'Maricopa', 'Mesa', 'AZ', 85208, 'West', 'bmbutler', 'u+CtpZ~gyR*>', 2, 2),
(363065, 'Drs.', 'Nancy', 'L', 'Jones', 'F', 'nancy.jones@gmail.com', '11/10/1993', '10/16/2015', '61924', 2128251930, 'New York City', 'New York', 'New York City', 'NY', 10087, 'Northeast', 'nljones', 'J}HJq/zVF-Aq2', 2, 2),
(380086, 'Mrs.', 'Carol', 'V', 'Murphy', 'F', 'carol.murphy@gmail.com', '6/30/1958', '1/28/1983', '60918', 2163360009, 'Blanchester', 'Clinton', 'Blanchester', 'OH', 45107, 'Midwest', 'cvmurphy', 'Uc+VG%vuZU<k', 3, 2),
(386158, 'Mrs.', 'Melissa', 'Q', 'King', 'F', 'melissa.king@comcast.net', '2/24/1972', '11/24/2015', '166892', 2166053731, 'New Matamoras', 'Washington', 'New Matamoras', 'OH', 45767, 'Midwest', 'mqking', 'FE5i<e-Y}[4f78', 3, 2),
(388642, 'Mrs.', 'Ruby', 'R', 'Rogers', 'F', 'ruby.rogers@gmail.com', '5/1/1980', '8/30/2013', '160623', 4232316507, 'Woodbury', 'Cannon', 'Woodbury', 'TN', 37190, 'South', 'rrrogers', 't>#P@D9s<:9\\V', 3, 3),
(392491, 'Mrs.', 'Theresa', 'R', 'Murphy', 'F', 'theresa.murphy@gmail.com', '12/30/1987', '8/3/2010', '51015', 9073561555, 'Mc Grath', 'Yukon-Koyukuk (CA)', 'Mc Grath', 'AK', 99627, 'West', 'trmurphy', 'V]PGw>4h9', 3, 3),
(400173, 'Ms.', 'Dorothy', 'K', 'Edwards', 'F', 'dorothy.edwards@hotmail.co.uk', '1/19/1984', '12/31/2013', '179017', 2159026888, 'Philadelphia', 'Philadelphia', 'Philadelphia', 'PA', 19132, 'Northeast', 'dkedwards', 'VWEIm3YKm65|D', 3, 3),
(407061, 'Ms.', 'Elizabeth', 'Q', 'Jackson', 'F', 'elizabeth.jackson@aol.com', '8/15/1964', '1/19/2005', '85420', 6035686118, 'Rochester', 'Strafford', 'Rochester', 'NH', 3867, 'Northeast', 'eqjackson', 'EAHcnWsf6xMRwr]', 3, 3),
(408351, 'Drs.', 'Diane', 'I', 'Evans', 'F', 'diane.evans@yahoo.com', '12/4/1977', '4/16/1999', '180294', 2157936791, 'Hydetown', 'Crawford', 'Hydetown', 'PA', 16328, 'Northeast', 'dievans', '0gGRtp1HfL<r5', 3, 3),
(426038, 'Hon.', 'Joan', 'C', 'Stewart', 'F', 'joan.stewart@yahoo.com', '11/20/1972', '12/30/2009', '111673', 2166376800, 'Middleport', 'Meigs', 'Middleport', 'OH', 45760, 'Midwest', 'jcstewart', 'q@mq.U~D#1MPgZ', 3, 3),
(428945, 'Dr.', 'Joe', 'W', 'Robinson', 'M', 'joe.robinson@gmail.com', '6/16/1963', '8/3/2016', '50155', 2199042161, 'Michigantown', 'Clinton', 'Michigantown', 'IN', 46057, 'Midwest', 'jwrobinson', 'GO4$J8MiEh[A', 3, 3),
(441771, 'Mrs.', 'Cheryl', 'O', 'Scott', 'F', 'cheryl.scott@gmail.com', '2/23/1958', '11/26/1990', '92220', 2152889345, 'Quecreek', 'Somerset', 'Quecreek', 'PA', 15555, 'Northeast', 'coscott', 'Vbb+~2N|_yR', 3, 3),
(447813, 'Mrs.', 'Ann', 'Q', 'Coleman', 'F', 'ann.coleman@ibm.com', '5/11/1989', '11/19/2013', '130014', 3199944179, 'Hancock', 'Pottawattamie', 'Hancock', 'IA', 51536, 'Midwest', 'aqcoleman', 'g2]GlvlL5', 3, 3),
(456747, 'Mr.', 'Roy', 'Z', 'Griffin', 'M', 'roy.griffin@yahoo.com', '5/8/1991', '8/23/2012', '170895', 2195069378, 'Liberty', 'Union', 'Liberty', 'IN', 47353, 'Midwest', 'rzgriffin', 'qm&h<b.NsKaZ', 3, 3),
(461593, 'Ms.', 'Nicole', 'O', 'Ward', 'F', 'nicole.ward@yahoo.com', '12/12/1964', '1/23/1989', '95673', 2317617861, 'Detroit', 'Wayne', 'Detroit', 'MI', 48278, 'Midwest', 'noward', 'AUe6s0@:@]A3Ze', 3, 3),
(474599, 'Drs.', 'Maria', 'W', 'Walker', 'F', 'maria.walker@microsoft.com', '3/19/1975', '10/1/1998', '48944', 4236685506, 'Lawrenceburg', 'Lawrence', 'Lawrenceburg', 'TN', 38464, 'South', 'mwwalker', 'cw?%U}s{?', 3, 3),
(476433, 'Ms.', 'Lillian', 'N', 'Mitchell', 'F', 'lillian.mitchell@shaw.ca', '10/23/1974', '12/7/1999', '149878', 3168761484, 'Wichita', 'Sedgwick', 'Wichita', 'KS', 67214, 'Midwest', 'lnmitchell', 'Ty/b@+', 3, 3),
(477253, 'Mrs.', 'Anne', 'L', 'Russell', 'F', 'anne.russell@ibm.com', '7/29/1989', '11/24/2013', '103160', 6056351306, 'Stockholm', 'Grant', 'Stockholm', 'SD', 57264, 'Midwest', 'alrussell', 'c8Nk&Y^~Vz!2', 3, 3),
(477616, 'Hon.', 'Frances', 'B', 'Young', 'F', 'frances.young@gmail.com', '6/9/1959', '4/27/1994', '121587', 2108199765, 'Delmita', 'Starr', 'Delmita', 'TX', 78536, 'South', 'fbyoung', 'K}^USc0l7[A', 3, 3),
(478003, 'Hon.', 'Cynthia', 'X', 'White', 'F', 'cynthia.white@gmail.com', '6/15/1963', '3/4/2004', '186200', 3145933092, 'Kansas City', 'Jackson', 'Kansas City', 'MO', 64133, 'Midwest', 'cxwhite', 'mofyGR>.?Dwb4!', 3, 4),
(489424, 'Dr.', 'Phillip', 'F', 'White', 'M', 'phillip.white@gmail.com', '3/4/1978', '1/5/2016', '181774', 5036686592, 'Mapleton', 'Lane', 'Mapleton', 'OR', 97453, 'West', 'pfwhite', '8<Mc.5]eu.*C8.', 3, 4),
(491943, 'Mrs.', 'Nancy', 'P', 'Howard', 'F', 'nancy.howard@gmail.com', '5/5/1961', '2/6/1999', '101553', 2369738086, 'Saxe', 'Charlotte', 'Saxe', 'VA', 23967, 'South', 'nphoward', 'OC\\&tG&?c', 3, 4),
(495141, 'Drs.', 'Tammy', 'B', 'Young', 'F', 'tammy.young@comcast.net', '3/22/1979', '4/25/2015', '93650', 2312903075, 'Alma', 'Gratiot', 'Alma', 'MI', 48801, 'Midwest', 'tbyoung', 'd6!&xu12A1H^i![', 3, 4),
(499687, 'Mr.', 'Patrick', 'F', 'Bailey', 'M', 'patrick.bailey@aol.com', '9/27/1982', '7/22/2005', '72305', 3198126957, 'Macksburg', 'Madison', 'Macksburg', 'IA', 50155, 'Midwest', 'pfbailey', 'K7&5aY/*', 3, 4),
(515103, 'Ms.', 'Anne', 'A', 'Perez', 'F', 'anne.perez@sbcglobal.net', '5/5/1958', '7/28/2003', '114426', 4238373338, 'Cookeville', 'Putnam', 'Cookeville', 'TN', 38505, 'South', 'aaperez', 'y', 3, 4),
(524896, 'Ms.', 'Judy', 'Y', 'Hernandez', 'F', 'judy.hernandez@gmail.com', '3/25/1961', '12/27/2011', '133332', 3167366126, 'Topeka', 'Shawnee', 'Topeka', 'KS', 66606, 'Midwest', 'jyhernandez', 'kiB:v!j&?D!&NYY', 3, 4),
(525955, 'Drs.', 'Judy', 'C', 'Gonzales', 'F', 'judy.gonzales@gmail.com', '6/17/1959', '1/3/1992', '149575', 2016408645, 'Eatontown', 'Monmouth', 'Eatontown', 'NJ', 7724, 'Northeast', 'jcgonzales', 'yDl}pfaWs{Hro6', 3, 4),
(528509, 'Hon.', 'Paula', 'G', 'Diaz', 'F', 'paula.diaz@gmail.com', '8/22/1966', '8/22/1994', '152654', 2525317641, 'Beulaville', 'Duplin', 'Beulaville', 'NC', 28518, 'South', 'pgdiaz', '3Kg55luU', 3, 4),
(528673, 'Hon.', 'Paul', 'V', 'Watson', 'M', 'paul.watson@hotmail.com', '3/9/1959', '6/26/1995', '145235', 2705567711, 'Blue River', 'Floyd', 'Blue River', 'KY', 41607, 'South', 'pvwatson', '7q{iHhbgWZ7%', 3, 4),
(533952, 'Ms.', 'Kelly', 'R', 'Adams', 'F', 'kelly.adams@bp.com', '5/23/1975', '7/4/2013', '51878', 4054180037, 'Meno', 'Major', 'Meno', 'OK', 73760, 'South', 'kradams', 'OfK?#J|7&W\\1T', 3, 5),
(539712, 'Ms.', 'Nancy', 'T', 'Baker', 'F', 'nancy.baker@bp.com', '6/13/1995', '9/14/2016', '98189', 2293365117, 'Atlanta', 'Fulton', 'Atlanta', 'GA', 30334, 'South', 'ntbaker', 'xJdKlAcYQhT_BE#', 3, 5),
(560455, 'Ms.', 'Carolyn', 'V', 'Hayes', 'F', 'carolyn.hayes@hotmail.co.uk', '3/10/1958', '7/3/2001', '42005', 2398828784, 'Saint Cloud', 'Osceola', 'Saint Cloud', 'FL', 34771, 'South', 'cvhayes', 'NY!Y2sw.[_v-Q9{', 3, 5),
(621833, 'Mr.', 'Gregory', 'X', 'Edwards', 'M', 'gregory.edwards@outlook.com', '8/31/1993', '9/30/2015', '169245', 5032569654, 'Bonanza', 'Klamath', 'Bonanza', 'OR', 97623, 'West', 'gxedwards', 'V^sVy*MO{', 3, 5),
(622406, 'Mr.', 'Thomas', 'Q', 'Lewis', 'M', 'thomas.lewis@gmail.com', '10/4/1967', '6/7/1998', '73862', 3146793697, 'Dutchtown', 'Cape Girardeau', 'Dutchtown', 'MO', 63745, 'Midwest', 'tqlewis', 'y', 3, 5),
(623253, 'Mrs.', 'Ruby', 'Q', 'Stewart', 'F', 'ruby.stewart@gmail.com', '10/23/1968', '7/2/2017', '174774', 2184452369, 'Margie', 'Koochiching', 'Margie', 'MN', 56658, 'Midwest', 'rqstewart', 'C\\RjCUPJd[Ld]', 3, 5),
(623929, 'Prof.', 'Jimmy', 'R', 'Howard', 'M', 'jimmy.howard@yahoo.com', '11/27/1966', '12/12/2007', '120631', 2128559316, 'Oriskany', 'Oneida', 'Oriskany', 'NY', 13424, 'Northeast', 'jrhoward', '0v+|SfA0Xv+Pf%', 3, 5),
(639892, 'Mr.', 'Jose', 'K', 'Hill', 'M', 'jose.hill@hotmail.com', '10/8/1994', '7/9/2016', '129774', 2282455000, 'Biloxi', 'Harrison', 'Biloxi', 'MS', 39532, 'South', 'jkhill', 'a_!SKb6h3?w*Mad', 3, 5),
(677509, 'Drs.', 'Lois', 'H', 'Walker', 'F', 'lois.walker@hotmail.com', '3/29/1981', '11/24/2003', '168251', 3035728492, 'Denver', 'Denver', 'Denver', 'CO', 80224, 'West', 'lhwalker', 'DCa}.T}X:v?NP', 3, 5),
(683826, 'Mr.', 'Roger', 'L', 'Roberts', 'M', 'roger.roberts@gmail.com', '7/7/1969', '1/29/2009', '129625', 2064973141, 'Mount Vernon', 'Skagit', 'Mount Vernon', 'WA', 98273, 'West', 'rlroberts', '41:C_0ik|Jb0iTO', 3, 5),
(687017, 'Ms.', 'Frances', 'P', 'Watson', 'F', 'frances.watson@outlook.com', '1/30/1961', '8/20/2010', '46945', 4065308069, 'Trego', 'Lincoln', 'Trego', 'MT', 59934, 'West', 'fpwatson', 'rjV1$at!wq53a$', 3, 5),
(702813, 'Mr.', 'Ernest', 'D', 'Martinez', 'M', 'ernest.martinez@gmail.com', '11/9/1989', '1/24/2016', '172098', 4799514138, 'Uniontown', 'Crawford', 'Uniontown', 'AR', 72955, 'South', 'edmartinez', 'qe?JNGBY{[\\7', 3, 5),
(704709, 'Dr.', 'Harold', 'Z', 'Nelson', 'M', 'harold.nelson@gmail.com', '12/24/1984', '8/23/2011', '156194', 2175559216, 'Carol Stream', 'Carol Stream', 'Carol Stream', 'IL', 60351, 'Midwest', 'hznelson', 'z/-hEz3&^q5', 3, 5),
(726264, 'Hon.', 'Carl', 'N', 'Collins', 'M', 'carl.collins@yahoo.com', '12/22/1973', '6/9/2007', '162159', 4797407633, 'Wright', 'Jefferson', 'Wright', 'AR', 72182, 'South', 'cncollins', 'XinULSmjAFL/', 3, 5),
(732017, 'Ms.', 'Cynthia', 'J', 'Ramirez', 'F', 'cynthia.ramirez@btinternet.com', '9/22/1982', '2/18/2009', '90531', 4069617340, 'Browning', 'Glacier', 'Browning', 'MT', 59417, 'West', 'cjramirez', 'qP-#AhuNuz*Wb]', 3, 5),
(750173, 'Mr.', 'Antonio', 'R', 'Roberts', 'M', 'antonio.roberts@hotmail.com', '8/27/1995', '5/1/2017', '181646', 2052677304, 'Mc Calla', 'Jefferson', 'Mc Calla', 'AL', 35111, 'South', 'arroberts', 'h>.g!B:VcNN', 3, 5),
(758872, 'Mr.', 'Henry', 'Y', 'Jenkins', 'M', 'henry.jenkins@hotmail.com', '11/6/1984', '6/21/2017', '102384', 3147317135, 'Riverside', 'Platte', 'Riverside', 'MO', 64150, 'Midwest', 'hyjenkins', 'zPnRU5Bo', 3, 5),
(761821, 'Mr.', 'Ernest', 'G', 'Washington', 'M', 'ernest.washington@msn.com', '10/28/1984', '1/31/2015', '176675', 2125961659, 'Saranac Lake', 'Franklin', 'Saranac Lake', 'NY', 12983, 'Northeast', 'egwashington', 'B\\Wb^6W-', 3, 5),
(765850, 'Mrs.', 'Linda', 'R', 'Moore', 'F', 'linda.moore@gmail.com', '8/18/1991', '5/15/2017', '113256', 2157937095, 'Albion', 'Erie', 'Albion', 'PA', 16401, 'Northeast', 'lrmoore', '0jj}jl_r/VmJ', 3, 5),
(766610, 'Ms.', 'Joyce', 'E', 'Jenkins', 'F', 'joyce.jenkins@aol.com', '8/22/1961', '5/14/2010', '119321', 2624554187, 'Ellsworth', 'Pierce', 'Ellsworth', 'WI', 54011, 'Midwest', 'jejenkins', 'C5/iW3Ry#o{~elV', 3, 5),
(802554, 'Mr.', 'Ryan', 'V', 'Alexander', 'M', 'ryan.alexander@shell.com', '8/1/1993', '8/31/2014', '106628', 2253953347, 'Jarreau', 'Pointe Coupee', 'Jarreau', 'LA', 70749, 'South', 'rvalexander', '3N3]VFZx?MaC{', 3, 5),
(806955, 'Mr.', 'William', 'G', 'Hernandez', 'M', 'william.hernandez@rediffmail.com', '7/22/1967', '3/21/2000', '73734', 2392760532, 'Mary Esther', 'Okaloosa', 'Mary Esther', 'FL', 32569, 'South', 'wghernandez', 'BRB3DFywgZZ4', 3, 5),
(818384, 'Mr.', 'Peter', 'X', 'Washington', 'M', 'peter.washington@bp.com', '11/6/1982', '11/29/2009', '173226', 2313220316, 'Portage', 'Kalamazoo', 'Portage', 'MI', 49024, 'Midwest', 'pxwashington', '97%d^2rk41!E>*Q', 3, 5),
(844177, 'Ms.', 'Margaret', 'T', 'Allen', 'F', 'margaret.allen@gmail.com', '9/8/1981', '5/17/2013', '180107', 2166976987, 'Richmond Dale', 'Ross', 'Richmond Dale', 'OH', 45673, 'Midwest', 'mtallen', 'oC1OHlW%Sk@%6', 3, 5),
(867084, 'Ms.', 'Deborah', 'E', 'Smith', 'F', 'deborah.smith@yahoo.com', '10/31/1977', '3/4/2002', '52767', 9072798694, 'Atqasuk', 'North Slope', 'Atqasuk', 'AK', 99791, 'West', 'desmith', 'C[WxHsB9', 3, 5),
(870820, 'Ms.', 'Martha', 'G', 'Washington', 'F', 'martha.washington@aol.com', '3/28/1991', '3/3/2017', '116629', 4059450242, 'Nardin', 'Kay', 'Nardin', 'OK', 74646, 'South', 'mgwashington', 'ju$7I]eH8{-', 3, 5),
(879753, 'Mrs.', 'Pamela', 'X', 'Wright', 'F', 'pamela.wright@aol.com', '4/14/1996', '6/9/2017', '149262', 3073298832, 'Banner', 'Sheridan', 'Banner', 'WY', 82832, 'West', 'pxwright', '3a*&[Y^pV\\0!rU', 3, 5),
(883936, 'Mr.', 'Douglas', 'I', 'Flores', 'M', 'douglas.flores@gmail.com', '4/21/1986', '9/10/2009', '181793', 3038364721, 'Eckert', 'Delta', 'Eckert', 'CO', 81418, 'West', 'diflores', '9||FLq|0tU|9>v', 3, 5),
(890290, 'Hon.', 'Julia', 'S', 'Scott', 'F', 'julia.scott@apple.com', '7/15/1959', '2/23/2005', '141518', 4239391010, 'Primm Springs', 'Hickman', 'Primm Springs', 'TN', 38476, 'South', 'jsscott', 'r.:Q7c^Tpb', 3, 5),
(893212, 'Ms.', 'Amy', 'B', 'Howard', 'F', 'amy.howard@aol.com', '6/16/1981', '6/1/2003', '112715', 8036133168, 'Kline', 'Kline', 'Kline', 'SC', 29814, 'South', 'abhoward', 'tNo::TEG', 3, 5),
(904898, 'Drs.', 'Ann', 'Q', 'Cooper', 'F', 'ann.cooper@exxonmobil.com', '12/25/1992', '2/15/2017', '182521', 4062786460, 'Arlee', 'Lake', 'Arlee', 'MT', 59821, 'West', 'aqcooper', 'i_^#>]tFpt', 3, 5),
(912990, 'Mr.', 'Joshua', 'T', 'Stewart', 'M', 'joshua.stewart@yahoo.ca', '5/18/1970', '9/2/2002', '184896', 2172799342, 'New Douglas', 'Madison', 'New Douglas', 'IL', 62074, 'Midwest', 'jtstewart', 'K?vi9BBznj', 3, 5),
(915638, 'Dr.', 'Jason', 'W', 'Anderson', 'M', 'jason.anderson@gmail.com', '1/3/1974', '9/21/1999', '76636', 2178566752, 'Hudson', 'McLean', 'Hudson', 'IL', 61748, 'Midwest', 'jwanderson', 'a3Hlk+.V/TjD', 3, 5),
(917395, 'Hon.', 'Christopher', 'D', 'Nelson', 'M', 'christopher.nelson@aol.com', '3/29/1960', '11/8/1997', '190765', 4809469780, 'Willow Beach', 'Mohave', 'Willow Beach', 'AZ', 86445, 'West', 'cdnelson', 'QKae{1EP1A[SeX', 3, 5),
(917937, 'Mr.', 'Todd', 'H', 'Hall', 'M', 'todd.hall@yahoo.com', '8/31/1991', '5/8/2016', '163560', 2405138668, 'Randallstown', 'Baltimore', 'Randallstown', 'MD', 21133, 'South', 'thhall', 'Lgdb8q<0L@-/', 3, 5),
(923947, 'Ms.', 'Mary', 'G', 'Bryant', 'F', 'mary.bryant@verizon.net', '6/21/1962', '5/20/2004', '155442', 3198273516, 'Conroy', 'Iowa', 'Conroy', 'IA', 52220, 'Midwest', 'mgbryant', 'A[iR?Z1{', 3, 5),
(940761, 'Ms.', 'Brenda', 'S', 'Robinson', 'F', 'brenda.robinson@gmail.com', '7/31/1970', '7/27/2008', '51063', 2259454954, 'Stonewall', 'De Soto', 'Stonewall', 'LA', 71078, 'South', 'bsrobinson', 'TCo\\j#Zg', 3, 5),
(940922, 'Hon.', 'Melissa', 'X', 'Butler', 'F', 'melissa.butler@hotmail.com', '11/14/1994', '2/5/2017', '167631', 3088279016, 'Maxwell', 'Lincoln', 'Maxwell', 'NE', 69151, 'Midwest', 'mxbutler', 'hY3BqUR>6F', 3, 5),
(951225, 'Ms.', 'Margaret', 'N', 'Brooks', 'F', 'margaret.brooks@gmail.com', '6/27/1992', '8/26/2016', '43867', 3039600117, 'Haswell', 'Kiowa', 'Haswell', 'CO', 81045, 'West', 'mnbrooks', '0*2k8uW&:{i{', 3, 5),
(958326, 'Mr.', 'Larry', 'T', 'Miller', 'M', 'larry.miller@shell.com', '10/31/1988', '2/22/2017', '97904', 2175749283, 'East Saint Louis', 'St. Clair', 'East Saint Louis', 'IL', 62201, 'Midwest', 'ltmiller', '2WgF#:ew**x#', 3, 5),
(969580, 'Prof.', 'Matthew', 'L', 'Turner', 'M', 'matthew.turner@gmail.com', '10/26/1993', '2/7/2016', '52237', 2369727624, 'Heathsville', 'Northumberland', 'Heathsville', 'VA', 22473, 'South', 'mlturner', 'I>tL>d[|lZdi_|^', 3, 5),
(969964, 'Hon.', 'Janice', 'S', 'Parker', 'F', 'janice.parker@yahoo.com', '1/12/1980', '8/23/2016', '147641', 3148425984, 'Whiteman Air Force Base', 'Johnson', 'Whiteman Air Force Base', 'MO', 65305, 'Midwest', 'jsparker', '8wUbWmuib', 3, 5),
(971640, 'Prof.', 'Clarence', 'A', 'Ross', 'M', 'clarence.ross@apple.com', '12/13/1960', '12/31/2008', '165272', 4237720118, 'Oneida', 'Scott', 'Oneida', 'TN', 37841, 'South', 'caross', 'h&jmac@+QD?B', 3, 5),
(979607, 'Ms.', 'Carol', 'J', 'Edwards', 'F', 'carol.edwards@msn.com', '12/14/1994', '4/25/2016', '93967', 2252834295, 'Shreveport', 'Caddo', 'Shreveport', 'LA', 71162, 'South', 'cjedwards', 'wi>v-a9gt', 3, 5);

-- --------------------------------------------------------

--
-- Table structure for table `emp_skill_mapping`
--

CREATE TABLE `emp_skill_mapping` (
  `id` int NOT NULL,
  `emp_id` int NOT NULL,
  `skill_id` int NOT NULL,
  `level` int NOT NULL DEFAULT '1'
) ENGINE=InnoDB DEFAULT CHARSET=utf8mb4 COLLATE=utf8mb4_0900_ai_ci;

--
-- Dumping data for table `emp_skill_mapping`
--

INSERT INTO `emp_skill_mapping` (`id`, `emp_id`, `skill_id`, `level`) VALUES
(1, 528509, 3, 1),
(2, 528673, 3, 1),
(3, 533952, 3, 1),
(4, 134841, 1, 1),
(5, 153989, 1, 1),
(6, 158666, 1, 1),
(7, 539712, 3, 1),
(8, 162402, 1, 1),
(9, 183071, 1, 1),
(10, 185032, 1, 1),
(11, 193819, 1, 1),
(12, 212893, 1, 1),
(13, 560455, 3, 1),
(14, 214352, 1, 1),
(15, 621833, 3, 1),
(16, 218791, 1, 1),
(17, 622406, 3, 1),
(18, 225925, 1, 1),
(19, 226714, 1, 1),
(20, 623253, 3, 1),
(21, 623929, 3, 1),
(22, 639892, 3, 1),
(23, 677509, 3, 1),
(24, 683826, 3, 1),
(25, 227922, 1, 1),
(26, 231469, 1, 1),
(27, 687017, 3, 1),
(28, 241882, 1, 1),
(29, 247137, 1, 1),
(30, 253573, 1, 1),
(31, 262382, 1, 1),
(32, 702813, 3, 1),
(33, 263480, 1, 1),
(34, 704709, 3, 1),
(35, 265813, 1, 1),
(36, 726264, 3, 1),
(37, 278556, 1, 1),
(38, 732017, 3, 1),
(39, 750173, 3, 1),
(40, 758872, 3, 1),
(41, 761821, 3, 1),
(42, 765850, 3, 1),
(43, 293459, 1, 1),
(44, 301576, 1, 1),
(45, 316110, 1, 1),
(46, 325319, 1, 1),
(47, 766610, 3, 1),
(48, 329752, 1, 1),
(49, 802554, 3, 1),
(50, 333476, 1, 1),
(51, 806955, 3, 1),
(52, 335732, 1, 1),
(53, 818384, 3, 1),
(54, 363065, 1, 1),
(55, 844177, 3, 1),
(56, 380086, 1, 1),
(57, 867084, 3, 1),
(58, 870820, 1, 1),
(59, 293459, 4, 1),
(60, 301576, 4, 1),
(61, 386158, 1, 1),
(62, 388642, 1, 1),
(63, 392491, 1, 1),
(64, 316110, 4, 1),
(65, 400173, 1, 1),
(66, 325319, 4, 1),
(67, 407061, 1, 1),
(68, 329752, 4, 1),
(69, 408351, 1, 1),
(70, 333476, 4, 1),
(71, 426038, 1, 1),
(72, 335732, 4, 1),
(73, 428945, 1, 1),
(74, 363065, 4, 1),
(75, 441771, 1, 1),
(76, 380086, 4, 1),
(77, 447813, 1, 1),
(78, 386158, 4, 1),
(79, 134841, 2, 1),
(80, 388642, 4, 1),
(81, 392491, 4, 1),
(82, 400173, 4, 1),
(83, 153989, 2, 1),
(84, 158666, 2, 1),
(85, 162402, 2, 1),
(86, 407061, 4, 1),
(87, 183071, 2, 1),
(88, 408351, 4, 1),
(89, 185032, 2, 1),
(90, 426038, 4, 1),
(91, 193819, 2, 1),
(92, 428945, 4, 1),
(93, 212893, 2, 1),
(94, 441771, 4, 1),
(95, 214352, 2, 1),
(96, 447813, 4, 1),
(97, 218791, 2, 1),
(98, 456747, 4, 1),
(99, 461593, 4, 1),
(100, 474599, 4, 1),
(101, 225925, 2, 1),
(102, 226714, 2, 1),
(103, 227922, 2, 1),
(104, 476433, 4, 1),
(105, 231469, 2, 1),
(106, 477253, 4, 1),
(107, 241882, 2, 1),
(108, 477616, 4, 1),
(109, 247137, 2, 1),
(110, 478003, 4, 1),
(111, 253573, 2, 1),
(112, 489424, 4, 1),
(113, 262382, 2, 1),
(114, 491943, 4, 1),
(115, 263480, 2, 1),
(116, 495141, 4, 1),
(117, 265813, 1, 1),
(118, 499687, 4, 1),
(119, 456747, 5, 1),
(120, 515103, 4, 1),
(121, 524896, 4, 1),
(122, 525955, 4, 1),
(123, 461593, 5, 1),
(124, 474599, 5, 1),
(125, 476433, 5, 1),
(126, 528509, 4, 1),
(127, 477253, 5, 1),
(128, 528673, 4, 1),
(129, 477616, 5, 1),
(130, 533952, 4, 1),
(131, 478003, 5, 1),
(132, 539712, 4, 1),
(133, 560455, 4, 1),
(134, 621833, 4, 1),
(135, 489424, 5, 1),
(136, 491943, 5, 1),
(137, 495141, 5, 1),
(138, 622406, 4, 1),
(139, 499687, 5, 1),
(140, 623253, 4, 1),
(141, 515103, 5, 1),
(142, 623929, 4, 1),
(143, 639892, 4, 1),
(144, 677509, 4, 1),
(145, 524896, 5, 1),
(146, 525955, 5, 1),
(147, 683826, 4, 1),
(148, 687017, 4, 1),
(149, 702813, 4, 1),
(150, 704709, 4, 2),
(151, 726264, 4, 2),
(152, 732017, 4, 2),
(153, 750173, 4, 2),
(154, 758872, 4, 2),
(155, 761821, 4, 2),
(156, 765850, 4, 2),
(157, 528509, 5, 2),
(158, 766610, 4, 2),
(159, 528673, 5, 2),
(160, 802554, 4, 2),
(161, 533952, 5, 2),
(162, 806955, 4, 2),
(163, 539712, 5, 2),
(164, 818384, 4, 2),
(165, 560455, 5, 2),
(166, 844177, 4, 2),
(167, 621833, 5, 2),
(168, 867084, 4, 2),
(169, 622406, 5, 2),
(170, 623253, 5, 2),
(171, 623929, 5, 2),
(172, 639892, 5, 2),
(173, 677509, 5, 2),
(174, 683826, 5, 2),
(175, 687017, 5, 2),
(176, 702813, 5, 2),
(177, 704709, 5, 2),
(178, 726264, 5, 2),
(179, 732017, 5, 2),
(180, 750173, 5, 2),
(181, 758872, 5, 2),
(182, 761821, 5, 2),
(183, 765850, 5, 2),
(184, 766610, 5, 2),
(185, 802554, 5, 2),
(186, 806955, 5, 2),
(187, 818384, 5, 2),
(188, 844177, 5, 2),
(189, 867084, 5, 2),
(190, 870820, 5, 2),
(191, 879753, 5, 2),
(192, 883936, 5, 2),
(193, 890290, 5, 2),
(194, 893212, 5, 2),
(195, 904898, 5, 2),
(196, 912990, 5, 2),
(197, 915638, 5, 2),
(198, 917395, 5, 2),
(199, 870820, 1, 2),
(200, 917937, 5, 2),
(201, 456747, 7, 2),
(202, 923947, 5, 2),
(203, 461593, 7, 2),
(204, 940761, 5, 2),
(205, 474599, 7, 2),
(206, 940922, 5, 2),
(207, 951225, 5, 2),
(208, 958326, 5, 2),
(209, 969580, 5, 2),
(210, 969964, 5, 2),
(211, 476433, 7, 2),
(212, 971640, 5, 2),
(213, 979607, 1, 2),
(214, 867084, 6, 2),
(215, 870820, 6, 2),
(216, 879753, 6, 2),
(217, 883936, 6, 2),
(218, 890290, 6, 2),
(219, 893212, 6, 2),
(220, 904898, 6, 2),
(221, 912990, 6, 2),
(222, 915638, 6, 2),
(223, 917395, 6, 2),
(224, 917937, 6, 2),
(225, 923947, 6, 2),
(226, 940761, 6, 2),
(227, 940922, 6, 2),
(228, 951225, 6, 2),
(229, 958326, 6, 2),
(230, 969580, 6, 2),
(231, 969964, 6, 2),
(232, 971640, 6, 2),
(233, 979607, 1, 2),
(234, 293459, 2, 2),
(235, 301576, 2, 2),
(236, 316110, 2, 2),
(237, 477253, 7, 2),
(238, 325319, 2, 2),
(239, 477616, 7, 2),
(240, 329752, 2, 2),
(241, 478003, 7, 2),
(242, 333476, 2, 2),
(243, 489424, 7, 2),
(244, 335732, 2, 2),
(245, 491943, 7, 2),
(246, 363065, 2, 2),
(247, 495141, 7, 2),
(248, 380086, 2, 2),
(249, 499687, 7, 2),
(250, 386158, 2, 2),
(251, 515103, 7, 2),
(252, 388642, 2, 2),
(253, 524896, 7, 2),
(254, 392491, 2, 2),
(255, 525955, 7, 2),
(256, 400173, 2, 2),
(257, 407061, 2, 2),
(258, 528509, 7, 2),
(259, 528673, 7, 2),
(260, 533952, 7, 2),
(261, 408351, 2, 2),
(262, 539712, 7, 2),
(263, 426038, 2, 2),
(264, 560455, 7, 2),
(265, 428945, 2, 2),
(266, 621833, 7, 2),
(267, 441771, 2, 2),
(268, 622406, 7, 2),
(269, 447813, 2, 2),
(270, 623253, 7, 2),
(271, 456747, 2, 2),
(272, 623929, 7, 2),
(273, 461593, 2, 2),
(274, 639892, 7, 2),
(275, 474599, 2, 2),
(276, 677509, 7, 2),
(277, 476433, 2, 2),
(278, 683826, 7, 2),
(279, 477253, 2, 2),
(280, 687017, 7, 2),
(281, 477616, 2, 2),
(282, 702813, 7, 2),
(283, 478003, 2, 2),
(284, 704709, 7, 2),
(285, 489424, 2, 2),
(286, 726264, 7, 2),
(287, 491943, 2, 2),
(288, 732017, 7, 2),
(289, 495141, 2, 2),
(290, 750173, 7, 2),
(291, 758872, 7, 2),
(292, 761821, 7, 2),
(293, 499687, 2, 2),
(294, 515103, 2, 2),
(295, 524896, 2, 2),
(296, 525955, 2, 2),
(297, 528509, 2, 2),
(298, 528673, 2, 2),
(299, 533952, 2, 2),
(300, 539712, 2, 2),
(301, 560455, 2, 3),
(302, 765850, 7, 3),
(303, 621833, 2, 3),
(304, 766610, 7, 3),
(305, 622406, 2, 3),
(306, 802554, 7, 3),
(307, 623253, 2, 3),
(308, 806955, 7, 3),
(309, 623929, 2, 3),
(310, 818384, 7, 3),
(311, 639892, 2, 3),
(312, 844177, 7, 3),
(313, 677509, 2, 3),
(314, 867084, 7, 3),
(315, 683826, 2, 3),
(316, 870820, 7, 3),
(317, 879753, 7, 3),
(318, 883936, 7, 3),
(319, 890290, 7, 3),
(320, 687017, 2, 3),
(321, 702813, 2, 3),
(322, 704709, 2, 3),
(323, 893212, 7, 3),
(324, 726264, 2, 3),
(325, 904898, 7, 3),
(326, 732017, 2, 3),
(327, 912990, 7, 3),
(328, 750173, 2, 3),
(329, 915638, 7, 3),
(330, 758872, 2, 3),
(331, 917395, 7, 3),
(332, 761821, 2, 3),
(333, 917937, 7, 3),
(334, 765850, 2, 3),
(335, 923947, 7, 3),
(336, 766610, 2, 3),
(337, 940761, 7, 3),
(338, 802554, 2, 3),
(339, 940922, 7, 3),
(340, 806955, 2, 3),
(341, 951225, 7, 3),
(342, 958326, 7, 3),
(343, 969580, 7, 3),
(344, 969964, 7, 3),
(345, 971640, 7, 3),
(346, 818384, 2, 3),
(347, 979607, 1, 3),
(348, 844177, 2, 3),
(349, 386158, 9, 3),
(350, 867084, 2, 3),
(351, 388642, 9, 3),
(352, 870820, 1, 3),
(353, 392491, 9, 3),
(354, 293459, 3, 3),
(355, 400173, 9, 3),
(356, 301576, 3, 3),
(357, 407061, 9, 3),
(358, 316110, 3, 3),
(359, 325319, 3, 3),
(360, 329752, 3, 3),
(361, 333476, 3, 3),
(362, 335732, 3, 3),
(363, 363065, 3, 3),
(364, 408351, 9, 3),
(365, 380086, 3, 3),
(366, 426038, 9, 3),
(367, 386158, 3, 3),
(368, 428945, 9, 3),
(369, 388642, 3, 3),
(370, 441771, 9, 3),
(371, 392491, 3, 3),
(372, 447813, 9, 3),
(373, 400173, 3, 3),
(374, 456747, 9, 3),
(375, 407061, 3, 3),
(376, 461593, 9, 3),
(377, 408351, 3, 3),
(378, 474599, 9, 3),
(379, 476433, 9, 3),
(380, 477253, 9, 3),
(381, 477616, 9, 3),
(382, 478003, 9, 3),
(383, 426038, 3, 3),
(384, 428945, 3, 3),
(385, 441771, 3, 3),
(386, 489424, 9, 3),
(387, 491943, 9, 3),
(388, 495141, 9, 3),
(389, 447813, 3, 3),
(390, 456747, 3, 3),
(391, 499687, 9, 3),
(392, 461593, 3, 3),
(393, 515103, 9, 3),
(394, 474599, 3, 3),
(395, 524896, 9, 3),
(396, 476433, 3, 3),
(397, 525955, 9, 3),
(398, 477253, 3, 3),
(399, 528509, 9, 3),
(400, 477616, 3, 3),
(401, 528673, 9, 3),
(402, 478003, 3, 3),
(403, 533952, 9, 3),
(404, 489424, 3, 3),
(405, 539712, 9, 3),
(406, 560455, 9, 3),
(407, 621833, 9, 3),
(408, 622406, 9, 3),
(409, 491943, 3, 3),
(410, 623253, 9, 3),
(411, 495141, 3, 3),
(412, 623929, 9, 3),
(413, 499687, 3, 3),
(414, 639892, 9, 3),
(415, 515103, 3, 3),
(416, 677509, 9, 3),
(417, 524896, 3, 3),
(418, 683826, 9, 3),
(419, 525955, 3, 3),
(420, 687017, 9, 3),
(421, 702813, 9, 3),
(422, 704709, 9, 3),
(423, 726264, 9, 3),
(424, 732017, 9, 3),
(425, 750173, 9, 3),
(426, 758872, 9, 3),
(427, 761821, 9, 3),
(428, 765850, 9, 3),
(429, 766610, 9, 3),
(430, 802554, 9, 3),
(431, 806955, 9, 3),
(432, 818384, 9, 3),
(433, 844177, 9, 3),
(434, 867084, 9, 3),
(435, 870820, 9, 3),
(436, 879753, 9, 3),
(437, 883936, 9, 3),
(438, 890290, 1, 3),
(439, 386158, 10, 3),
(440, 388642, 10, 3),
(441, 392491, 10, 3),
(442, 400173, 10, 3),
(443, 407061, 10, 3),
(444, 408351, 10, 3),
(445, 426038, 10, 3),
(446, 428945, 10, 3),
(447, 441771, 10, 3),
(448, 447813, 10, 3),
(449, 456747, 10, 3),
(450, 461593, 10, 3),
(451, 474599, 10, 3),
(452, 476433, 10, 3),
(453, 477253, 10, 3),
(454, 477616, 10, 3),
(455, 478003, 10, 3),
(456, 489424, 10, 3),
(457, 491943, 10, 3),
(458, 495141, 10, 3),
(459, 499687, 10, 3),
(460, 515103, 10, 3),
(461, 524896, 10, 3),
(462, 525955, 10, 3),
(463, 528509, 10, 3),
(464, 528673, 10, 3),
(465, 533952, 10, 3),
(466, 539712, 10, 3),
(467, 560455, 10, 3),
(468, 621833, 10, 3),
(469, 622406, 10, 3),
(470, 623253, 10, 3),
(471, 623929, 10, 3),
(472, 639892, 10, 3),
(473, 677509, 10, 3),
(474, 683826, 10, 3),
(475, 687017, 10, 3),
(476, 702813, 10, 3),
(477, 704709, 10, 3),
(478, 726264, 10, 3),
(479, 732017, 10, 3),
(480, 750173, 10, 3),
(481, 758872, 10, 3),
(482, 761821, 10, 3),
(483, 765850, 10, 3),
(484, 153989, 7, 3),
(485, 158666, 7, 3),
(486, 162402, 7, 3),
(487, 183071, 7, 3),
(488, 185032, 7, 3),
(489, 193819, 7, 3),
(490, 212893, 7, 3),
(491, 214352, 7, 3),
(492, 218791, 7, 3),
(493, 225925, 7, 3),
(494, 226714, 7, 3),
(495, 227922, 7, 3),
(496, 231469, 7, 3),
(497, 241882, 7, 3),
(498, 247137, 7, 3),
(499, 253573, 7, 3),
(500, 262382, 7, 3),
(501, 263480, 7, 3),
(502, 265813, 7, 3),
(503, 278556, 7, 3),
(504, 293459, 7, 3),
(505, 301576, 7, 3),
(506, 316110, 7, 3),
(507, 325319, 7, 3),
(508, 329752, 7, 3),
(509, 333476, 7, 3),
(510, 335732, 7, 3),
(511, 363065, 7, 3),
(512, 380086, 7, 3),
(513, 386158, 7, 3),
(514, 388642, 7, 3),
(515, 392491, 7, 3),
(516, 400173, 7, 3),
(517, 407061, 7, 3),
(518, 408351, 7, 3),
(519, 426038, 7, 3),
(520, 428945, 7, 3),
(521, 441771, 7, 3),
(522, 447813, 7, 3),
(523, 456747, 7, 3),
(524, 461593, 7, 3),
(525, 474599, 7, 3),
(526, 476433, 7, 3),
(527, 477253, 7, 3),
(528, 477616, 7, 3),
(529, 478003, 7, 3),
(530, 489424, 7, 3),
(531, 491943, 7, 3),
(532, 495141, 7, 3),
(533, 499687, 7, 3),
(534, 515103, 7, 3),
(535, 524896, 7, 3),
(536, 525955, 7, 3),
(537, 528509, 7, 3),
(538, 528673, 7, 3),
(539, 533952, 7, 3),
(540, 539712, 7, 3),
(541, 560455, 7, 3),
(542, 621833, 7, 3),
(543, 622406, 7, 3),
(544, 623253, 7, 3),
(545, 623929, 7, 3),
(546, 639892, 7, 3),
(547, 677509, 7, 3),
(548, 683826, 7, 3),
(549, 687017, 7, 3),
(550, 702813, 7, 3);

-- --------------------------------------------------------

--
-- Table structure for table `marks`
--

CREATE TABLE `marks` (
  `id` int NOT NULL,
  `student_id` int NOT NULL,
  `subject_id` int NOT NULL,
  `marks` int NOT NULL,
  `created_at` datetime DEFAULT NULL
) ENGINE=InnoDB DEFAULT CHARSET=utf8mb4 COLLATE=utf8mb4_0900_ai_ci;

--
-- Dumping data for table `marks`
--

INSERT INTO `marks` (`id`, `student_id`, `subject_id`, `marks`, `created_at`) VALUES
(1, 1, 1, 60, '2022-08-18 16:16:02'),
(2, 1, 2, 85, '2022-08-10 16:16:52'),
(3, 1, 3, 90, '2022-08-18 16:16:02'),
(4, 2, 1, 97, '2022-08-18 16:16:02'),
(5, 2, 2, 50, '2022-08-10 16:16:52'),
(6, 2, 3, 98, '2022-08-18 16:16:02'),
(7, 3, 1, 90, '2022-08-18 16:16:02'),
(8, 3, 2, 85, '2022-08-10 16:16:52'),
(9, 3, 3, 20, '2022-08-18 16:16:02');

-- --------------------------------------------------------

--
-- Table structure for table `marks_tbl`
--

CREATE TABLE `marks_tbl` (
  `RollNum` int NOT NULL,
  `StudentName` varchar(60) NOT NULL,
  `English` int NOT NULL,
  `Hindi` int NOT NULL,
  `Maths` int NOT NULL,
  `Evs` int NOT NULL,
  `Sanskrit` int NOT NULL,
  `Science` int NOT NULL,
  `grandTotal` int NOT NULL
) ENGINE=InnoDB DEFAULT CHARSET=utf8mb4 COLLATE=utf8mb4_0900_ai_ci;

--
-- Dumping data for table `marks_tbl`
--

INSERT INTO `marks_tbl` (`RollNum`, `StudentName`, `English`, `Hindi`, `Maths`, `Evs`, `Sanskrit`, `Science`, `grandTotal`) VALUES
(1, 'RUBY', 61, 72, 71, 66, 49, 68, 387),
(2, 'EMILY', 20, 90, 44, 54, 59, 64, 331),
(3, 'GRACE', 80, 90, 82, 45, 33, 66, 396),
(4, 'JESSICA', 30, 80, 23, 32, 30, 30, 225),
(5, 'CHLOE', 60, 70, 32, 98, 60, 60, 380),
(6, 'SOPHIE', 40, 60, 67, 47, 40, 40, 294),
(7, 'LILY', 50, 60, 67, 75, 50, 50, 352),
(8, 'AMELIA', 45, 60, 56, 84, 45, 45, 335),
(9, 'EVIE', 40, 50, 77, 33, 40, 40, 280),
(10, 'MIA', 33, 50, 81, 65, 33, 33, 295),
(11, 'ELLA', 32, 50, 91, 43, 32, 32, 280),
(12, 'CHARLOTTE', 31, 45, 10, 10, 31, 31, 158),
(13, 'LUCY', 30, 40, 10, 10, 30, 30, 150),
(14, 'MEGAN', 29, 40, 10, 10, 29, 29, 147),
(15, 'ELLIE', 28, 40, 11, 11, 28, 28, 146),
(16, 'ISABELLE', 27, 40, 12, 12, 27, 27, 145),
(17, 'ISABELLA', 26, 33, 13, 13, 26, 26, 137),
(18, 'HANNAH', 25, 32, 14, 14, 25, 25, 135),
(19, 'KATIE', 24, 31, 15, 15, 24, 24, 133),
(20, 'AVA', 23, 30, 16, 16, 23, 23, 131),
(21, 'HOLLY', 22, 30, 17, 17, 22, 22, 130),
(22, 'SUMMER', 21, 30, 18, 18, 21, 21, 129),
(23, 'MILLIE', 20, 30, 19, 19, 20, 20, 128),
(24, 'DAISY', 19, 29, 20, 20, 19, 19, 126),
(25, 'PHOEBE', 18, 28, 20, 20, 18, 18, 122),
(26, 'FREYA', 17, 27, 20, 20, 17, 17, 118),
(27, 'ABIGAIL', 16, 26, 21, 21, 16, 16, 116),
(28, 'POPPY', 15, 20, 22, 22, 15, 15, 109),
(29, 'ERIN', 14, 25, 23, 23, 14, 14, 113),
(30, 'EMMA', 13, 24, 24, 24, 13, 13, 111),
(31, 'MOLLY', 12, 23, 25, 25, 12, 12, 109),
(32, 'IMOGEN', 11, 22, 25, 26, 11, 11, 106),
(33, 'AMY', 10, 21, 26, 27, 10, 10, 104),
(34, 'JASMINE', 9, 20, 27, 28, 71, 21, 176),
(35, 'ISLA', 8, 20, 28, 28, 22, 43, 149),
(36, 'SCARLETT', 7, 20, 29, 29, 64, 43, 192),
(37, 'SOPHIA', 6, 20, 30, 30, 32, 46, 164),
(38, 'ELIZABETH', 5, 19, 30, 30, 42, 65, 191),
(39, 'EVA', 4, 18, 30, 30, 75, 44, 201),
(40, 'BROOKE', 3, 17, 30, 30, 45, 66, 191),
(41, 'MATILDA', 2, 16, 31, 31, 75, 35, 190),
(42, 'CAITLIN', 1, 15, 32, 32, 56, 86, 222),
(43, 'KEIRA', 0, 14, 33, 33, 76, 56, 212),
(44, 'ALICE', 90, 13, 40, 40, 90, 90, 363),
(45, 'LOLA', 80, 12, 40, 40, 80, 80, 332),
(46, 'LILLY', 70, 11, 40, 40, 70, 70, 301),
(47, 'AMBER', 60, 10, 40, 40, 60, 60, 270),
(48, 'ISABEL', 50, 10, 45, 45, 50, 50, 250),
(49, 'LAUREN', 40, 10, 50, 50, 40, 40, 230),
(50, 'GEORGIA', 30, 34, 50, 50, 30, 30, 224),
(51, 'GRACIE', 20, 56, 50, 50, 20, 20, 216),
(52, 'ELEANOR', 10, 64, 60, 60, 10, 10, 214),
(53, 'BETHANY', 0, 22, 60, 60, 98, 43, 283),
(54, 'MADISON', 50, 77, 60, 60, 50, 50, 347),
(55, 'AMELIE', 40, 85, 70, 70, 40, 40, 345),
(56, 'ISOBEL', 30, 34, 80, 80, 30, 30, 284),
(57, 'PAIGE', 20, 35, 90, 90, 20, 20, 275),
(58, 'LACEY', 10, 76, 90, 90, 10, 10, 286),
(59, 'SIENNA', 90, 42, 47, 35, 90, 90, 394),
(60, 'LIBBY', 60, 87, 89, 75, 60, 60, 431);

-- --------------------------------------------------------

--
-- Table structure for table `skill_sets`
--

CREATE TABLE `skill_sets` (
  `id` int NOT NULL,
  `skill_name` varchar(100) NOT NULL,
  `color` varchar(255) NOT NULL
) ENGINE=InnoDB DEFAULT CHARSET=utf8mb4 COLLATE=utf8mb4_0900_ai_ci;

--
-- Dumping data for table `skill_sets`
--

INSERT INTO `skill_sets` (`id`, `skill_name`, `color`) VALUES
(1, 'PHP', '#a821b9'),
(2, 'ASP.NET', '#38b921'),
(3, 'HTML', '#b9217c'),
(4, 'CSS', '#957992'),
(5, 'JAVA', '#21b97a'),
(6, 'Salesforce', '#2126b9'),
(7, 'NodeJs', '#b93621'),
(8, 'JavaScript', '#442928'),
(9, 'ReactJs', '#7b7995'),
(10, 'Angular', '#284439');

-- --------------------------------------------------------

--
-- Table structure for table `student`
--

CREATE TABLE `student` (
  `id` int NOT NULL,
  `name` varchar(255) NOT NULL,
  `color` varchar(255) NOT NULL,
  `created_at` datetime DEFAULT NULL
) ENGINE=InnoDB DEFAULT CHARSET=utf8mb4 COLLATE=utf8mb4_0900_ai_ci;

--
-- Dumping data for table `student`
--

INSERT INTO `student` (`id`, `name`, `color`, `created_at`) VALUES
(1, 'Nikita', '#800080', '2022-08-18 16:16:02'),
(2, 'Ronak', '#ffc0cb', '2022-08-10 16:16:52'),
(3, 'Nitendra', '#008000', '2022-08-18 16:16:02');

-- --------------------------------------------------------

--
-- Table structure for table `students`
--

CREATE TABLE `students` (
  `id` int NOT NULL,
  `name` varchar(255) NOT NULL,
  `color` varchar(255) NOT NULL,
  `created_at` datetime NOT NULL DEFAULT CURRENT_TIMESTAMP,
  `updated_at` datetime NOT NULL DEFAULT CURRENT_TIMESTAMP ON UPDATE CURRENT_TIMESTAMP
) ENGINE=InnoDB DEFAULT CHARSET=utf8mb4 COLLATE=utf8mb4_0900_ai_ci;

--
-- Dumping data for table `students`
--

INSERT INTO `students` (`id`, `name`, `color`, `created_at`) VALUES
(1, 'John', '#c97979', '2022-08-09 16:23:51'),
(2, 'Olivia', '#c9b079', '2022-08-09 16:23:51'),
(3, 'Marcus', '#f1ca08', '2022-08-09 16:24:09'),
(4, 'Andrew', '#87517b', '2022-08-09 16:24:09');

-- --------------------------------------------------------

--
-- Table structure for table `subjects`
--

CREATE TABLE `subjects` (
  `id` int NOT NULL,
  `name` varchar(255) CHARACTER SET utf8mb4 COLLATE utf8mb4_0900_ai_ci NOT NULL,
  `color` varchar(255) NOT NULL,
  `created_at` datetime NOT NULL DEFAULT CURRENT_TIMESTAMP,
  `updated_at` datetime NOT NULL DEFAULT CURRENT_TIMESTAMP ON UPDATE CURRENT_TIMESTAMP
) ENGINE=InnoDB DEFAULT CHARSET=utf8mb4 COLLATE=utf8mb4_0900_ai_ci;

--
-- Dumping data for table `subjects`
--

INSERT INTO `subjects` (`id`, `name`, `color`, `created_at`) VALUES
(1, 'Physics', '#eb4c4c', '2022-08-09 16:24:32'),
(2, 'Biology', '#4c67eb', '2022-08-09 16:24:32'),
(3, 'Maths', '#4cebc6', '2022-08-09 16:24:44'),
(4, 'Computer Science', '#82eb4c', '2022-08-09 16:24:44'),
(5, 'Chemistry', '#c5539d', '2022-08-09 16:25:14');

-- --------------------------------------------------------

--
-- Table structure for table `subject_mapping`
--

CREATE TABLE `subject_mapping` (
  `id` int NOT NULL,
  `student_id` int NOT NULL,
  `subject_id` int NOT NULL,
  `involvement` int NOT NULL DEFAULT '100',
  `created_at` datetime NOT NULL DEFAULT CURRENT_TIMESTAMP,
  `updated_at` datetime NOT NULL DEFAULT CURRENT_TIMESTAMP ON UPDATE CURRENT_TIMESTAMP
) ENGINE=InnoDB DEFAULT CHARSET=utf8mb4 COLLATE=utf8mb4_0900_ai_ci;

--
-- Dumping data for table `subject_mapping`
--

INSERT INTO `subject_mapping` (`id`, `student_id`, `subject_id`, `involvement`, `created_at`) VALUES
(1, 1, 1, 70, '2022-08-09 16:25:52'),
(2, 1, 3, 90, '2022-08-09 16:25:52'),
(3, 1, 5, 30, '2022-08-09 16:25:52'),
(4, 2, 1, 80, '2022-08-09 16:26:32'),
(5, 2, 3, 100, '2022-08-09 16:26:32'),
(6, 2, 4, 100, '2022-08-09 16:26:32'),
(7, 2, 5, 40, '2022-08-09 16:26:32'),
(8, 3, 1, 60, '2022-08-09 16:26:55'),
(9, 3, 2, 100, '2022-08-09 16:26:55'),
(10, 3, 5, 100, '2022-08-09 16:26:55'),
(11, 4, 1, 80, '2022-08-09 16:27:21'),
(12, 4, 5, 80, '2022-08-09 16:27:21');

-- --------------------------------------------------------

--
-- Table structure for table `transaction`
--

CREATE TABLE `transaction` (
  `id` int NOT NULL,
  `date` date NOT NULL,
  `description` text NOT NULL,
  `deposits` float(10,2) NOT NULL,
  `withdrawls` float(10,2) NOT NULL,
  `balance` float(10,2) NOT NULL,
  `status` enum('Active','Inactive') NOT NULL DEFAULT 'Active'
) ENGINE=InnoDB DEFAULT CHARSET=utf8mb4 COLLATE=utf8mb4_0900_ai_ci;

--
-- Dumping data for table `transaction`
--

INSERT INTO `transaction` (`id`, `date`, `description`, `deposits`, `withdrawls`, `balance`, `status`) VALUES
(3, '2022-08-20', 'IMPS', 171.00, 0.00, 248875.50, 'Active'),
(13, '2022-08-21', 'ATM', 0.00, 1236.62, 0.00, 'Active'),
(21, '2022-08-22', 'NEFT', 0.00, 723.16, 651214.50, 'Active'),
(90, '2022-08-23', 'Transfer', 308.80, 0.00, 651951.00, 'Active'),
(101, '2022-08-24', 'Commission', 0.00, 1369.80, 68498.98, 'Active'),
(107, '2022-08-25', 'Cheque', 19.70, 0.00, 19.76, 'Active'),
(153, '2022-08-26', 'Commission', 1080.72, 0.00, 2089128.25, 'Active'),
(170, '2022-08-27', 'Purchase', 0.00, 1.50, 0.00, 'Active'),
(172, '2022-08-28', 'Debit Card', 1943.09, 0.00, 194823.08, 'Active'),
(186, '2022-08-29', 'Miscellaneous', 69.43, 0.00, 7008.03, 'Active'),
(187, '2022-08-30', 'Miscellaneous', 7.00, 0.00, 7015.03, 'Active'),
(210, '2022-08-31', 'Commission', 2.30, 0.00, 55.50, 'Active'),
(225, '2022-09-01', 'Cash', 6.62, 0.00, 130068.99, 'Active'),
(227, '2022-09-02', 'Commission', 0.00, 1320.80, 0.00, 'Active'),
(241, '2022-09-03', 'Reversal', 23.00, 0.00, 941712.69, 'Active'),
(258, '2022-09-04', 'Miscellaneous', 49.00, 0.00, 338655.88, 'Active'),
(288, '2022-09-05', 'Commission', 0.00, 309.21, 154501.06, 'Active'),
(289, '2022-09-06', 'Miscellaneous', 0.00, 1545.11, 139050.95, 'Active'),
(294, '2022-09-07', 'Bill', 0.00, 457.93, 228979.66, 'Active'),
(308, '2022-09-08', 'Interest', 248.23, 0.00, 24809.23, 'Active'),
(315, '2022-09-09', 'Interest', 0.00, 2048.00, 0.00, 'Active'),
(352, '2022-09-10', 'Interest', 39.00, 0.00, 2207650.00, 'Active'),
(362, '2022-09-11', 'Transfer', 567.50, 0.00, 808984.12, 'Active'),
(376, '2022-09-12', 'Interest', 1953.20, 0.00, 352057.47, 'Active'),
(397, '2022-09-13', 'Commission', 0.00, 1184.77, 9478.12, 'Active'),
(463, '2022-09-14', 'RTGS', 2338.16, 0.00, 452032.84, 'Active'),
(499, '2022-09-15', 'Interest', 0.00, 198.59, 795230.38, 'Active'),
(501, '2022-09-16', 'IMPS', 0.00, 745.85, 521869.94, 'Active'),
(576, '2022-09-17', 'Bill', 446.00, 0.00, 446.00, 'Active'),
(608, '2022-09-18', 'Reversal', 0.00, 2250.31, 1575016.12, 'Active'),
(618, '2022-09-19', 'Commission', 1864.50, 0.00, 2973084.75, 'Active'),
(629, '2022-09-20', 'Purchase', 406.30, 0.00, 3487448.75, 'Active'),
(638, '2022-09-21', 'Reversal', 10.00, 0.00, 1575811.25, 'Active'),
(650, '2022-09-22', 'NEFT', 1933.50, 0.00, 2656310.50, 'Active'),
(672, '2022-09-23', 'Purchase', 377.80, 0.00, 76894.05, 'Active'),
(712, '2022-09-24', 'RTGS', 131.00, 0.00, 148750.45, 'Active'),
(720, '2022-09-25', 'Reversal', 73.80, 0.00, 73.80, 'Active'),
(738, '2022-09-26', 'IMPS', 120.15, 0.00, 2048567.62, 'Active'),
(782, '2022-09-27', 'Reversal', 2031.79, 0.00, 277895.25, 'Active'),
(822, '2022-09-28', 'Tax', 0.00, 2062.56, 1856588.12, 'Active'),
(835, '2022-09-29', 'Reversal', 3.00, 0.00, 3.00, 'Active'),
(837, '2022-09-30', 'IMPS', 0.00, 361.00, 0.00, 'Active'),
(840, '2022-10-01', 'ATM', 0.00, 1.05, 1.04, 'Active'),
(880, '2022-10-02', 'RTGS', 0.00, 2817.34, 2254042.75, 'Active'),
(882, '2022-10-03', 'Cash', 0.00, 2851.84, 1996370.88, 'Active'),
(900, '2022-10-04', 'Cash', 0.00, 3117.56, 311753.56, 'Active'),
(927, '2022-10-05', 'Transfer', 1684.00, 0.00, 169041.27, 'Active'),
(928, '2022-10-06', 'Cash', 1802.00, 0.00, 1972009.25, 'Active'),
(956, '2022-10-07', 'Purchase', 0.00, 1636.23, 147278.05, 'Active'),
(992, '2022-10-08', 'Interest', 0.00, 941.38, 752915.06, 'Active'),
(1000, '2022-10-09', 'Bill', 58.09, 0.00, 231642.12, 'Active'),
(1001, '2022-08-20', 'Interest', 0.00, 271.00, 248875.50, 'Active');

-- --------------------------------------------------------

--
-- Table structure for table `user_roles`
--

CREATE TABLE `user_roles` (
  `id` int NOT NULL,
  `role_name` varchar(100) CHARACTER SET utf8mb4 COLLATE utf8mb4_0900_ai_ci NOT NULL,
  `status` varchar(30) NOT NULL DEFAULT 'Activate'
) ENGINE=InnoDB DEFAULT CHARSET=utf8mb4 COLLATE=utf8mb4_0900_ai_ci;

--
-- Dumping data for table `user_roles`
--

INSERT INTO `user_roles` (`id`, `role_name`, `status`) VALUES
(1, 'Admin', 'Activate'),
(2, 'Manager', 'Activate'),
(3, 'Staff', 'Activate');

--
-- Indexes for dumped tables
--

--
-- Indexes for table `attendance`
--
ALTER TABLE `attendance`
  ADD PRIMARY KEY (`id`),
  ADD KEY `employee_id_for_login` (`emp_id`);

--
-- Indexes for table `departments`
--
ALTER TABLE `departments`
  ADD PRIMARY KEY (`id`);

--
-- Indexes for table `employees`
--
ALTER TABLE `employees`
  ADD PRIMARY KEY (`emp_id`);

--
-- Indexes for table `emp_skill_mapping`
--
ALTER TABLE `emp_skill_mapping`
  ADD PRIMARY KEY (`id`);

--
-- Indexes for table `marks`
--
ALTER TABLE `marks`
  ADD PRIMARY KEY (`id`);

--
-- Indexes for table `marks_tbl`
--
ALTER TABLE `marks_tbl`
  ADD PRIMARY KEY (`RollNum`);

--
-- Indexes for table `skill_sets`
--
ALTER TABLE `skill_sets`
  ADD PRIMARY KEY (`id`);

--
-- Indexes for table `student`
--
ALTER TABLE `student`
  ADD PRIMARY KEY (`id`);

--
-- Indexes for table `students`
--
ALTER TABLE `students`
  ADD PRIMARY KEY (`id`);

--
-- Indexes for table `subjects`
--
ALTER TABLE `subjects`
  ADD PRIMARY KEY (`id`);

--
-- Indexes for table `subject_mapping`
--
ALTER TABLE `subject_mapping`
  ADD PRIMARY KEY (`id`);

--
-- Indexes for table `transaction`
--
ALTER TABLE `transaction`
  ADD PRIMARY KEY (`id`);

--
-- Indexes for table `user_roles`
--
ALTER TABLE `user_roles`
  ADD PRIMARY KEY (`id`);

--
-- AUTO_INCREMENT for dumped tables
--

--
-- AUTO_INCREMENT for table `attendance`
--
ALTER TABLE `attendance`
  MODIFY `id` int NOT NULL AUTO_INCREMENT, AUTO_INCREMENT=2301;

--
-- AUTO_INCREMENT for table `departments`
--
ALTER TABLE `departments`
  MODIFY `id` int NOT NULL AUTO_INCREMENT, AUTO_INCREMENT=6;

--
-- AUTO_INCREMENT for table `employees`
--
ALTER TABLE `employees`
  MODIFY `emp_id` int NOT NULL AUTO_INCREMENT, AUTO_INCREMENT=979608;

--
-- AUTO_INCREMENT for table `emp_skill_mapping`
--
ALTER TABLE `emp_skill_mapping`
  MODIFY `id` int NOT NULL AUTO_INCREMENT, AUTO_INCREMENT=551;

--
-- AUTO_INCREMENT for table `marks`
--
ALTER TABLE `marks`
  MODIFY `id` int NOT NULL AUTO_INCREMENT, AUTO_INCREMENT=10;

--
-- AUTO_INCREMENT for table `skill_sets`
--
ALTER TABLE `skill_sets`
  MODIFY `id` int NOT NULL AUTO_INCREMENT, AUTO_INCREMENT=11;

--
-- AUTO_INCREMENT for table `student`
--
ALTER TABLE `student`
  MODIFY `id` int NOT NULL AUTO_INCREMENT, AUTO_INCREMENT=4;

--
-- AUTO_INCREMENT for table `students`
--
ALTER TABLE `students`
  MODIFY `id` int NOT NULL AUTO_INCREMENT, AUTO_INCREMENT=5;

--
-- AUTO_INCREMENT for table `subjects`
--
ALTER TABLE `subjects`
  MODIFY `id` int NOT NULL AUTO_INCREMENT, AUTO_INCREMENT=6;

--
-- AUTO_INCREMENT for table `subject_mapping`
--
ALTER TABLE `subject_mapping`
  MODIFY `id` int NOT NULL AUTO_INCREMENT, AUTO_INCREMENT=13;

--
-- AUTO_INCREMENT for table `transaction`
--
ALTER TABLE `transaction`
  MODIFY `id` int NOT NULL AUTO_INCREMENT, AUTO_INCREMENT=1002;

--
-- AUTO_INCREMENT for table `user_roles`
--
ALTER TABLE `user_roles`
  MODIFY `id` int NOT NULL AUTO_INCREMENT, AUTO_INCREMENT=4;

--
-- Constraints for dumped tables
--

--
-- Constraints for table `attendance`
--
ALTER TABLE `attendance`
  ADD CONSTRAINT `employee_id_for_login` FOREIGN KEY (`emp_id`) REFERENCES `employees` (`emp_id`) ON DELETE SET NULL ON UPDATE SET NULL;
COMMIT;

/*!40101 SET CHARACTER_SET_CLIENT=@OLD_CHARACTER_SET_CLIENT */;
/*!40101 SET CHARACTER_SET_RESULTS=@OLD_CHARACTER_SET_RESULTS */;
/*!40101 SET COLLATION_CONNECTION=@OLD_COLLATION_CONNECTION */;
